benchmark_name,n_fitted_parameters,fraction_identifiable_all,fraction_identifiable_dynamic,fraction_identifiable_nondynamic,fraction_ode_solver_failures,fraction_optimizer_converged,fraction_global_optimum
Bachmann_RS01,85,0.8470588235294118,0.7241379310344828,0.9107142857142857,0.01,0.98,0.29
Bachmann_RS02,65,0.9230769230769231,0.8275862068965517,1.0,0.0,1.0,0.46
Bachmann_RS03,131,0.9312977099236641,0.8275862068965517,0.9607843137254902,0.19,0.81,0.1
Bachmann_RS04,162,0.9876543209876543,0.9310344827586207,1.0,0.0,1.0,0.49
Bachmann_RS05,53,0.9056603773584906,0.8275862068965517,1.0,0.03,0.96,0.11
Bachmann_RS06,140,0.9928571428571429,0.9655172413793104,1.0,0.07,0.93,0.3
Bachmann_RS07,96,0.8541666666666666,0.8275862068965517,0.8656716417910447,0.0,1.0,0.36
Bachmann_RS08,253,0.924901185770751,0.9655172413793104,0.9196428571428571,0.0,1.0,0.39
Bachmann_RS09,125,0.944,0.8620689655172413,0.96875,0.11,0.8,0.06
Bachmann_RS10,60,1.0,1.0,1.0,0.01,0.96,0.09
Bachmann_RS11,105,0.8857142857142857,0.7241379310344828,0.9473684210526315,0.0,1.0,0.51
Bachmann_RS12,74,0.8783783783783784,0.6896551724137931,1.0,0.0,1.0,0.52
Bachmann_RS13,114,0.9912280701754386,0.9655172413793104,1.0,0.0,1.0,0.66
Bachmann_RS14,88,0.9204545454545454,0.8620689655172413,0.9491525423728814,0.02,0.97,0.01
Bachmann_RS15,175,0.9485714285714286,0.8620689655172413,0.9657534246575342,0.0,1.0,0.3
Bachmann_RS16,95,0.9578947368421052,0.8620689655172413,1.0,0.0,0.97,0.02
Bachmann_RS17,115,0.9043478260869565,0.7241379310344828,0.9651162790697675,0.0,1.0,0.01
Bachmann_RS18,187,0.9679144385026738,0.9655172413793104,0.9683544303797469,0.0,1.0,0.25
Bachmann_RS19,107,0.897196261682243,0.7241379310344828,0.9615384615384616,0.0,1.0,0.1
Bachmann_RS20,87,0.9770114942528736,0.9310344827586207,1.0,0.01,0.99,0.35
Bachmann_RS21,78,0.8717948717948718,0.7241379310344828,0.9591836734693877,0.11,0.89,0.02
Bachmann_RS22,107,0.9813084112149533,0.9310344827586207,1.0,0.01,0.98,0.38
Bachmann_RS23,73,0.9041095890410958,0.8620689655172413,0.9318181818181818,0.01,0.96,0.02
Bachmann_RS24,64,0.90625,0.7931034482758621,1.0,0.07,0.93,0.24
Bachmann_RS25,91,0.967032967032967,0.896551724137931,1.0,0.01,0.98,0.58
Bachmann_RS26,177,0.864406779661017,0.7241379310344828,0.8918918918918919,0.0,1.0,0.27
Bachmann_RS27,150,0.9333333333333333,0.896551724137931,0.9421487603305785,0.17,0.83,0.11
Bachmann_RS28,140,0.9214285714285714,0.7586206896551724,0.963963963963964,0.0,1.0,0.29
Bachmann_RS29,63,0.9682539682539683,0.9310344827586207,1.0,0.0,0.99,0.52
Bachmann_RS30,76,0.9473684210526315,0.8620689655172413,1.0,0.03,0.97,0.17
Bachmann_RS31,128,0.953125,0.9655172413793104,0.9494949494949495,0.0,0.99,0.09
Bachmann_RS32,83,0.8192771084337349,0.6206896551724138,0.9259259259259259,0.0,0.99,0.1
Bachmann_RS33,121,0.9917355371900827,0.9655172413793104,1.0,0.03,0.97,0.24
Bachmann_RS34,91,0.989010989010989,0.9655172413793104,1.0,0.0,1.0,0.87
Bachmann_RS35,137,0.9343065693430657,0.8275862068965517,0.9629629629629629,0.0,0.99,0.26
Bachmann_RS36,107,0.7757009345794392,0.6551724137931034,0.8205128205128205,0.01,0.99,0.05
Bachmann_RS37,66,1.0,1.0,1.0,0.0,0.98,0.07
Bachmann_RS38,134,0.9402985074626866,0.8620689655172413,0.9619047619047619,0.0,1.0,0.25
Bachmann_RS39,85,0.9764705882352941,0.9310344827586207,1.0,0.0,1.0,0.26
Bachmann_RS40,80,0.9625,0.896551724137931,1.0,0.0,0.99,0.32
Bachmann_RS41,145,0.993103448275862,0.9655172413793104,1.0,0.0,1.0,0.31
Bachmann_RS42,109,0.9908256880733946,0.9655172413793104,1.0,0.0,1.0,0.38
Bachmann_RS43,135,0.9703703703703703,0.896551724137931,0.9905660377358491,0.0,1.0,0.23
Bachmann_RS44,103,1.0,1.0,1.0,0.02,0.97,0.45
Bachmann_RS45,65,0.9076923076923077,0.7931034482758621,1.0,0.0,1.0,0.4
Bachmann_RS46,94,0.7872340425531915,0.5517241379310345,0.8923076923076924,0.05,0.95,0.03
Bachmann_RS47,69,0.8985507246376812,0.7586206896551724,1.0,0.0,1.0,0.02
Bachmann_RS48,193,0.9430051813471503,0.896551724137931,0.9512195121951219,0.01,0.98,0.26
Bachmann_RS49,104,0.9903846153846154,0.9655172413793104,1.0,0.0,1.0,0.27
Bachmann_RS50,121,0.9256198347107438,0.7931034482758621,0.967391304347826,0.0,1.0,0.03
Becker_RS01,10,0.4,0.3333333333333333,1.0,0.0,0.91,0.52
Becker_RS02,11,0.6363636363636364,0.5555555555555556,1.0,0.0,0.96,0.04
Becker_RS03,11,0.7272727272727273,0.6666666666666666,1.0,0.0,1.0,0.79
Becker_RS04,10,0.8,0.7777777777777778,1.0,0.0,0.96,0.34
Becker_RS05,12,0.8333333333333334,0.7777777777777778,1.0,0.0,0.99,0.75
Becker_RS06,10,0.4,0.3333333333333333,1.0,0.0,0.95,0.45
Becker_RS07,13,0.7692307692307693,0.6666666666666666,1.0,0.23,0.75,0.29
Becker_RS08,13,0.9230769230769231,0.8888888888888888,1.0,0.0,0.99,0.86
Becker_RS09,12,1.0,1.0,1.0,0.0,1.0,0.74
Becker_RS10,13,0.7692307692307693,0.7777777777777778,0.75,0.0,0.96,0.53
Becker_RS11,11,1.0,1.0,1.0,0.0,1.0,0.22
Becker_RS12,17,1.0,1.0,1.0,0.0,0.93,0.74
Becker_RS13,14,1.0,1.0,1.0,0.0,1.0,0.91
Becker_RS14,15,0.6666666666666666,0.5555555555555556,0.8333333333333334,0.0,0.88,0.29
Becker_RS15,14,1.0,1.0,1.0,0.0,0.99,0.93
Becker_RS16,15,0.8,0.7777777777777778,0.8333333333333334,0.0,1.0,0.02
Becker_RS17,14,1.0,1.0,1.0,0.0,0.99,0.66
Becker_RS18,19,0.8421052631578947,0.7777777777777778,0.9,0.0,1.0,0.84
Becker_RS19,11,0.7272727272727273,0.6666666666666666,1.0,0.0,0.96,0.54
Becker_RS20,12,1.0,1.0,1.0,0.0,0.98,0.93
Becker_RS21,14,0.6428571428571429,0.5555555555555556,0.8,0.27,0.72,0.67
Becker_RS22,11,0.6363636363636364,0.5555555555555556,1.0,0.0,0.99,0.69
Becker_RS23,15,1.0,1.0,1.0,0.0,0.99,0.98
Becker_RS24,16,,,,0.01,0.97,0.35
Becker_RS25,16,0.75,0.6666666666666666,0.8571428571428571,0.29,0.71,0.05
Becker_RS26,12,0.9166666666666666,0.8888888888888888,1.0,0.0,0.99,0.26
Becker_RS27,12,0.8333333333333334,0.7777777777777778,1.0,0.0,0.95,0.54
Becker_RS28,13,0.6153846153846154,0.4444444444444444,1.0,0.0,1.0,0.36
Becker_RS29,11,0.8181818181818182,0.7777777777777778,1.0,0.0,1.0,0.9
Becker_RS30,12,0.5833333333333334,0.4444444444444444,1.0,0.0,0.96,0.27
Becker_RS31,15,1.0,1.0,1.0,0.0,0.98,0.97
Becker_RS32,16,0.6875,0.4444444444444444,1.0,0.02,0.98,0.03
Becker_RS33,12,0.6666666666666666,0.6666666666666666,0.6666666666666666,0.0,0.95,0.04
Becker_RS34,16,0.6875,0.5555555555555556,0.8571428571428571,0.0,1.0,0.82
Becker_RS35,15,0.5333333333333333,0.6666666666666666,0.3333333333333333,0.0,0.99,0.41
Becker_RS36,12,0.9166666666666666,0.8888888888888888,1.0,0.0,1.0,0.04
Becker_RS37,13,0.8461538461538461,0.7777777777777778,1.0,0.0,1.0,0.14
Becker_RS38,14,1.0,1.0,1.0,0.0,0.98,0.8
Becker_RS39,11,0.45454545454545453,0.3333333333333333,1.0,0.0,0.44,0.31
Becker_RS40,14,0.5714285714285714,0.4444444444444444,0.8,0.0,1.0,0.02
Becker_RS41,11,1.0,1.0,1.0,0.0,0.97,0.17
Becker_RS42,12,0.75,0.6666666666666666,1.0,0.0,0.94,0.01
Becker_RS43,11,0.8181818181818182,0.7777777777777778,1.0,0.0,0.96,0.72
Becker_RS44,12,1.0,1.0,1.0,0.0,0.99,0.89
Becker_RS45,12,0.8333333333333334,0.7777777777777778,1.0,0.02,0.94,0.01
Becker_RS46,17,,,,0.04,0.68,0.23
Becker_RS47,16,0.8125,0.6666666666666666,1.0,0.0,0.97,0.28
Becker_RS48,16,0.9375,1.0,0.8571428571428571,0.0,1.0,0.46
Becker_RS49,12,1.0,1.0,1.0,0.0,0.99,0.79
Becker_RS50,17,1.0,1.0,1.0,0.0,0.97,0.82
Beer_RS01,108,0.9814814814814815,0.9714285714285714,1.0,0.52,0.48,0.01
Beer_RS02,203,0.896551724137931,0.7,1.0,0.58,0.42,0.01
Beer_RS03,260,0.9961538461538462,0.9857142857142858,1.0,0.5,0.5,0.01
Beer_RS04,108,0.7962962962962963,0.6857142857142857,1.0,0.47,0.53,0.01
Beer_RS05,108,0.9814814814814815,0.9714285714285714,1.0,0.53,0.47,0.01
Beer_RS06,127,0.937007874015748,0.9714285714285714,0.8947368421052632,0.49,0.51,0.01
Beer_RS07,89,0.651685393258427,0.5571428571428572,1.0,0.57,0.43,0.01
Beer_RS08,184,0.9239130434782609,0.8428571428571429,0.9736842105263158,0.48,0.51,0.01
Beer_RS09,127,0.7480314960629921,0.5428571428571428,1.0,0.54,0.46,0.01
Beer_RS10,127,0.9921259842519685,0.9857142857142858,1.0,0.49,0.51,0.01
Beer_RS11,108,0.6851851851851852,0.5142857142857142,1.0,0.44,0.56,0.01
Beer_RS12,298,1.0,1.0,1.0,0.53,0.47,0.01
Beer_RS13,165,0.9151515151515152,0.8,1.0,0.46,0.54,0.01
Beer_RS14,108,0.9907407407407407,0.9857142857142858,1.0,0.53,0.47,0.01
Beer_RS15,127,0.7007874015748031,0.5428571428571428,0.8947368421052632,0.49,0.51,0.01
Beer_RS16,127,0.968503937007874,0.9428571428571428,1.0,0.66,0.34,0.01
Beer_RS17,222,0.9594594594594594,0.8714285714285714,1.0,0.55,0.44,0.01
Beer_RS18,127,0.7637795275590551,0.5714285714285714,1.0,0.61,0.39,0.01
Beer_RS19,127,0.6299212598425197,0.5142857142857142,0.7719298245614035,0.44,0.56,0.01
Beer_RS20,108,0.75,0.6142857142857143,1.0,0.51,0.49,0.01
Beer_RS21,203,,,,1.0,0.0,
Beer_RS22,127,0.8661417322834646,0.7714285714285715,0.9824561403508771,0.69,0.31,0.01
Beer_RS23,127,0.7086614173228346,0.6571428571428571,0.7719298245614035,0.83,0.16,0.01
Beer_RS24,127,0.6929133858267716,0.5571428571428572,0.8596491228070176,0.75,0.25,0.01
Beer_RS25,127,0.8267716535433071,0.7142857142857143,0.9649122807017544,0.63,0.37,0.01
Beer_RS26,108,0.8240740740740741,0.7285714285714285,1.0,0.48,0.52,0.01
Beer_RS27,146,0.9931506849315068,0.9857142857142858,1.0,0.6,0.39,0.01
Beer_RS28,146,0.958904109589041,0.9142857142857143,1.0,0.6,0.4,0.01
Beer_RS29,108,0.6388888888888888,0.44285714285714284,1.0,0.65,0.35,0.01
Beer_RS30,127,0.6377952755905512,0.7857142857142857,0.45614035087719296,0.55,0.45,0.01
Beer_RS31,146,0.9931506849315068,0.9857142857142858,1.0,0.69,0.31,0.01
Beer_RS32,222,0.9864864864864865,0.9857142857142858,0.9868421052631579,0.5,0.5,0.01
Beer_RS33,127,0.6929133858267716,0.45714285714285713,0.9824561403508771,0.54,0.46,0.01
Beer_RS34,146,0.958904109589041,0.9142857142857143,1.0,0.54,0.46,0.01
Beer_RS35,89,0.7303370786516854,0.6571428571428571,1.0,0.57,0.43,0.01
Beer_RS36,146,,,,1.0,0.0,
Beer_RS37,184,0.9891304347826086,0.9857142857142858,0.9912280701754386,0.44,0.56,0.01
Beer_RS38,108,0.8055555555555556,0.7,1.0,0.72,0.28,0.01
Beer_RS39,127,0.8031496062992126,0.6571428571428571,0.9824561403508771,0.68,0.32,0.01
Beer_RS40,127,1.0,1.0,1.0,0.63,0.37,0.01
Beer_RS41,108,0.6666666666666666,0.4857142857142857,1.0,0.39,0.61,0.01
Beer_RS42,108,0.9814814814814815,0.9857142857142858,0.9736842105263158,0.5,0.5,0.01
Beer_RS43,203,0.9655172413793104,0.9142857142857143,0.9924812030075187,0.53,0.46,0.01
Beer_RS44,108,0.9907407407407407,0.9857142857142858,1.0,0.52,0.48,0.01
Beer_RS45,146,0.9931506849315068,0.9857142857142858,1.0,0.47,0.53,0.01
Beer_RS46,127,0.6771653543307087,0.5,0.8947368421052632,0.47,0.53,0.01
Beer_RS47,108,0.8055555555555556,0.7,1.0,0.53,0.47,0.01
Beer_RS48,127,0.6929133858267716,0.7285714285714285,0.6491228070175439,0.54,0.46,0.01
Beer_RS49,222,0.9954954954954955,0.9857142857142858,1.0,0.49,0.51,0.01
Beer_RS50,108,0.8333333333333334,0.7428571428571429,1.0,0.47,0.53,0.01
Boehm_RS01,13,0.9230769230769231,0.8333333333333334,1.0,0.35,0.65,0.12
Boehm_RS02,12,0.8333333333333334,0.6666666666666666,1.0,0.47,0.53,0.04
Boehm_RS03,11,1.0,1.0,1.0,0.0,1.0,0.2
Boehm_RS04,18,0.9444444444444444,1.0,0.9166666666666666,0.0,1.0,0.04
Boehm_RS05,9,1.0,1.0,1.0,0.0,1.0,0.9
Boehm_RS06,14,1.0,1.0,1.0,0.0,0.99,0.32
Boehm_RS07,17,1.0,1.0,1.0,0.25,0.74,0.4
Boehm_RS08,10,1.0,1.0,1.0,0.0,0.99,0.48
Boehm_RS09,9,1.0,1.0,1.0,0.0,0.98,0.86
Boehm_RS10,12,1.0,1.0,1.0,0.44,0.56,0.04
Boehm_RS11,12,0.8333333333333334,0.6666666666666666,1.0,0.0,1.0,0.24
Boehm_RS12,10,1.0,1.0,1.0,0.0,1.0,0.53
Boehm_RS13,11,1.0,1.0,1.0,0.0,1.0,0.91
Boehm_RS14,16,0.9375,1.0,0.9,0.56,0.44,0.21
Boehm_RS15,9,1.0,1.0,1.0,0.0,0.99,0.82
Boehm_RS16,9,0.8888888888888888,0.8333333333333334,1.0,0.0,0.97,0.79
Boehm_RS17,18,1.0,1.0,1.0,0.0,1.0,0.16
Boehm_RS18,11,1.0,1.0,1.0,0.0,0.99,0.46
Boehm_RS19,13,0.7692307692307693,0.6666666666666666,0.8571428571428571,0.0,0.95,0.18
Boehm_RS20,13,1.0,1.0,1.0,0.41,0.54,0.03
Boehm_RS21,11,1.0,1.0,1.0,0.0,0.99,0.47
Boehm_RS22,16,0.9375,0.8333333333333334,1.0,0.0,1.0,0.37
Boehm_RS23,14,0.8571428571428571,0.6666666666666666,1.0,0.0,0.96,0.58
Boehm_RS24,7,0.7142857142857143,0.6666666666666666,1.0,0.0,0.96,0.03
Boehm_RS25,10,1.0,1.0,1.0,0.0,1.0,0.79
Boehm_RS26,10,1.0,1.0,1.0,0.0,0.97,0.02
Boehm_RS27,17,0.9411764705882353,1.0,0.9090909090909091,0.51,0.49,0.33
Boehm_RS28,10,1.0,1.0,1.0,0.32,0.68,0.09
Boehm_RS29,13,1.0,1.0,1.0,0.0,1.0,0.01
Boehm_RS30,13,0.7692307692307693,0.6666666666666666,0.8571428571428571,0.0,1.0,0.54
Boehm_RS31,12,1.0,1.0,1.0,0.0,0.99,0.47
Boehm_RS32,13,0.8461538461538461,0.8333333333333334,0.8571428571428571,0.03,0.97,0.01
Boehm_RS33,17,0.8823529411764706,0.8333333333333334,0.9090909090909091,0.13,0.86,0.79
Boehm_RS34,10,0.9,0.8333333333333334,1.0,0.0,0.99,0.15
Boehm_RS35,8,0.75,0.6666666666666666,1.0,0.0,1.0,0.7
Boehm_RS36,19,1.0,1.0,1.0,0.07,0.9,0.3
Boehm_RS37,10,1.0,1.0,1.0,0.0,0.98,0.83
Boehm_RS38,15,1.0,1.0,1.0,0.0,1.0,0.09
Boehm_RS39,13,0.6923076923076923,0.6666666666666666,0.7142857142857143,0.06,0.63,0.12
Boehm_RS40,9,0.6666666666666666,0.5,1.0,0.0,0.97,0.06
Boehm_RS41,13,1.0,1.0,1.0,0.34,0.66,0.26
Boehm_RS42,12,1.0,1.0,1.0,0.0,0.98,0.45
Boehm_RS43,12,0.75,0.6666666666666666,0.8333333333333334,0.5,0.49,0.02
Boehm_RS44,10,0.9,1.0,0.75,0.14,0.86,0.03
Boehm_RS45,16,1.0,1.0,1.0,0.0,1.0,0.44
Boehm_RS46,8,0.875,0.8333333333333334,1.0,0.0,0.86,0.02
Boehm_RS47,18,0.9444444444444444,1.0,0.9166666666666666,0.0,0.95,0.07
Boehm_RS48,11,1.0,1.0,1.0,0.0,1.0,0.13
Boehm_RS49,24,0.9166666666666666,1.0,0.8888888888888888,0.06,0.94,0.13
Boehm_RS50,13,1.0,1.0,1.0,0.0,0.99,0.51
Borghans_RS01,21,0.3333333333333333,0.3,1.0,0.16,0.84,0.01
Borghans_RS02,23,0.6521739130434783,0.6,1.0,0.23,0.76,0.01
Borghans_RS03,23,0.34782608695652173,0.35,0.3333333333333333,0.25,0.49,0.01
Borghans_RS04,24,0.25,0.2,0.5,0.21,0.77,0.01
Borghans_RS05,21,0.9523809523809523,0.95,1.0,0.19,0.81,0.7
Borghans_RS06,24,0.9583333333333334,1.0,0.75,0.2,0.75,0.01
Borghans_RS07,22,0.6818181818181818,0.65,1.0,0.13,0.87,0.01
Borghans_RS08,22,0.5909090909090909,0.55,1.0,0.18,0.82,0.01
Borghans_RS09,23,1.0,1.0,1.0,0.22,0.77,0.01
Borghans_RS10,21,0.6190476190476191,0.6,1.0,0.19,0.78,0.01
Borghans_RS11,22,0.8636363636363636,0.85,1.0,0.24,0.76,0.01
Borghans_RS12,23,0.782608695652174,0.8,0.6666666666666666,0.25,0.61,0.01
Borghans_RS13,24,,,,0.27,0.67,0.01
Borghans_RS14,22,,,,0.15,0.85,0.01
Borghans_RS15,23,0.6521739130434783,0.7,0.3333333333333333,0.18,0.72,0.01
Borghans_RS16,27,0.4074074074074074,0.35,0.5714285714285714,0.31,0.68,0.01
Borghans_RS17,23,1.0,1.0,1.0,0.22,0.75,0.03
Borghans_RS18,22,0.3181818181818182,0.3,0.5,0.16,0.83,0.01
Borghans_RS19,25,1.0,1.0,1.0,0.22,0.66,0.01
Borghans_RS20,25,,,,0.21,0.78,0.01
Borghans_RS21,22,0.7727272727272727,0.8,0.5,0.17,0.82,0.01
Borghans_RS22,23,0.9130434782608695,0.95,0.6666666666666666,0.18,0.79,0.03
Borghans_RS23,22,1.0,1.0,1.0,0.23,0.46,0.01
Borghans_RS24,22,1.0,1.0,1.0,0.32,0.64,0.01
Borghans_RS25,25,0.92,0.9,1.0,0.23,0.72,0.01
Borghans_RS26,25,0.96,1.0,0.8,0.17,0.82,0.01
Borghans_RS27,23,0.4782608695652174,0.5,0.3333333333333333,0.22,0.77,0.01
Borghans_RS28,21,0.9523809523809523,0.95,1.0,0.14,0.78,0.01
Borghans_RS29,23,0.6521739130434783,0.6,1.0,0.24,0.71,0.01
Borghans_RS30,24,0.8333333333333334,0.8,1.0,0.19,0.73,0.01
Borghans_RS31,23,0.9565217391304348,1.0,0.6666666666666666,0.14,0.86,0.01
Borghans_RS32,21,0.5714285714285714,0.6,0.0,0.21,0.76,0.01
Borghans_RS33,21,0.5238095238095238,0.55,0.0,0.21,0.77,0.01
Borghans_RS34,26,0.9230769230769231,0.95,0.8333333333333334,0.21,0.71,0.01
Borghans_RS35,23,0.6956521739130435,0.75,0.3333333333333333,0.18,0.82,0.01
Borghans_RS36,22,1.0,1.0,1.0,0.13,0.85,0.01
Borghans_RS37,21,0.3333333333333333,0.3,1.0,0.16,0.83,0.01
Borghans_RS38,22,0.4090909090909091,0.4,0.5,0.12,0.85,0.02
Borghans_RS39,22,,,,0.14,0.85,0.01
Borghans_RS40,21,0.7619047619047619,0.75,1.0,0.16,0.81,0.01
Borghans_RS41,27,0.48148148148148145,0.5,0.42857142857142855,0.2,0.77,0.01
Borghans_RS42,26,0.9615384615384616,1.0,0.8333333333333334,0.19,0.75,0.01
Borghans_RS43,21,0.9523809523809523,0.95,1.0,0.17,0.8,0.01
Borghans_RS44,22,1.0,1.0,1.0,0.18,0.67,0.2
Borghans_RS45,24,1.0,1.0,1.0,0.24,0.63,0.01
Borghans_RS46,23,1.0,1.0,1.0,0.11,0.88,0.01
Borghans_RS47,21,0.7619047619047619,0.75,1.0,0.17,0.82,0.01
Borghans_RS48,23,0.6086956521739131,0.6,0.6666666666666666,0.19,0.79,0.01
Borghans_RS49,23,1.0,1.0,1.0,0.17,0.83,0.01
Borghans_RS50,21,0.9523809523809523,0.95,1.0,0.23,0.6,0.01
Brannmark_RS01,29,0.9310344827586207,0.8571428571428571,1.0,0.0,0.99,0.27
Brannmark_RS02,19,0.47368421052631576,0.2857142857142857,1.0,0.03,0.95,0.05
Brannmark_RS03,19,0.7894736842105263,0.7142857142857143,1.0,0.02,0.96,0.17
Brannmark_RS04,34,0.8529411764705882,0.6428571428571429,1.0,0.0,1.0,0.11
Brannmark_RS05,31,0.967741935483871,0.9285714285714286,1.0,0.01,0.99,0.1
Brannmark_RS06,19,0.5263157894736842,0.35714285714285715,1.0,0.02,0.98,0.01
Brannmark_RS07,55,0.8545454545454545,0.7857142857142857,0.8780487804878049,0.0,1.0,0.62
Brannmark_RS08,20,0.3,0.2857142857142857,0.3333333333333333,0.04,0.96,0.01
Brannmark_RS09,23,0.782608695652174,0.7142857142857143,0.8888888888888888,0.0,0.98,0.07
Brannmark_RS10,21,0.7619047619047619,0.6428571428571429,1.0,0.04,0.96,0.03
Brannmark_RS11,30,0.8,0.5714285714285714,1.0,0.02,0.98,0.07
Brannmark_RS12,45,0.7333333333333333,0.5714285714285714,0.8064516129032258,0.0,1.0,0.43
Brannmark_RS13,23,0.782608695652174,0.6428571428571429,1.0,0.02,0.96,0.01
Brannmark_RS14,19,0.7894736842105263,0.7142857142857143,1.0,0.0,1.0,0.01
Brannmark_RS15,36,0.8888888888888888,0.7142857142857143,1.0,0.0,1.0,0.01
Brannmark_RS16,24,0.625,0.35714285714285715,1.0,0.0,0.93,0.21
Brannmark_RS17,21,0.8571428571428571,0.7857142857142857,1.0,0.02,0.98,0.09
Brannmark_RS18,29,0.5172413793103449,0.21428571428571427,0.8,0.08,0.92,0.05
Brannmark_RS19,44,0.7272727272727273,0.6428571428571429,0.7666666666666667,0.0,0.99,0.55
Brannmark_RS20,45,0.8444444444444444,0.5714285714285714,0.967741935483871,0.03,0.96,0.08
Brannmark_RS21,29,0.896551724137931,0.7857142857142857,1.0,0.0,0.99,0.03
Brannmark_RS22,39,0.6666666666666666,0.5,0.76,0.03,0.97,0.02
Brannmark_RS23,47,0.723404255319149,0.5714285714285714,0.7878787878787878,0.04,0.96,0.02
Brannmark_RS24,17,0.17647058823529413,0.21428571428571427,0.0,0.03,0.96,0.02
Brannmark_RS25,32,0.875,0.7857142857142857,0.9444444444444444,0.0,0.99,0.01
Brannmark_RS26,25,0.88,0.7857142857142857,1.0,0.03,0.97,0.07
Brannmark_RS27,42,0.9047619047619048,0.8571428571428571,0.9285714285714286,0.01,0.98,0.15
Brannmark_RS28,51,0.7254901960784313,0.6428571428571429,0.7567567567567568,0.0,1.0,0.09
Brannmark_RS29,52,0.9230769230769231,0.7142857142857143,1.0,0.02,0.98,0.29
Brannmark_RS30,23,0.4782608695652174,0.5714285714285714,0.3333333333333333,0.0,0.96,0.03
Brannmark_RS31,39,0.8717948717948718,0.6428571428571429,1.0,0.01,0.96,0.12
Brannmark_RS32,43,0.813953488372093,0.5714285714285714,0.9310344827586207,0.0,1.0,0.12
Brannmark_RS33,29,0.8275862068965517,0.6428571428571429,1.0,0.01,0.99,0.09
Brannmark_RS34,32,0.84375,0.6428571428571429,1.0,0.0,0.95,0.01
Brannmark_RS35,55,0.7090909090909091,0.6428571428571429,0.7317073170731707,0.0,1.0,0.03
Brannmark_RS36,26,0.8846153846153846,0.7857142857142857,1.0,0.08,0.92,0.31
Brannmark_RS37,41,0.5853658536585366,0.35714285714285715,0.7037037037037037,0.04,0.9,0.02
Brannmark_RS38,23,0.782608695652174,0.6428571428571429,1.0,0.21,0.79,0.31
Brannmark_RS39,23,0.6956521739130435,0.5,1.0,0.03,0.95,0.03
Brannmark_RS40,23,0.8260869565217391,0.7142857142857143,1.0,0.01,0.87,0.02
Brannmark_RS41,23,0.391304347826087,0.07142857142857142,0.8888888888888888,0.02,0.85,0.01
Brannmark_RS42,59,0.7288135593220338,0.42857142857142855,0.8222222222222222,0.01,0.97,0.08
Brannmark_RS43,24,0.5833333333333334,0.35714285714285715,0.9,0.0,0.98,0.23
Brannmark_RS44,28,0.6071428571428571,0.35714285714285715,0.8571428571428571,0.01,0.99,0.05
Brannmark_RS45,23,0.782608695652174,0.6428571428571429,1.0,0.02,0.98,0.13
Brannmark_RS46,33,0.696969696969697,0.6428571428571429,0.7368421052631579,0.03,0.97,0.23
Brannmark_RS47,30,0.8333333333333334,0.7142857142857143,0.9375,0.02,0.95,0.01
Brannmark_RS48,30,0.9,0.7857142857142857,1.0,0.02,0.98,0.01
Brannmark_RS49,34,0.8529411764705882,0.6428571428571429,1.0,0.0,1.0,0.22
Brannmark_RS50,49,0.7959183673469388,0.7142857142857143,0.8285714285714286,0.0,1.0,0.38
Bruno_RS01,25,0.6,0.5384615384615384,0.6666666666666666,0.0,1.0,0.9
Bruno_RS02,26,0.9230769230769231,0.9230769230769231,0.9230769230769231,0.95,0.05,0.04
Bruno_RS03,21,1.0,1.0,1.0,0.0,1.0,0.56
Bruno_RS04,27,0.6666666666666666,0.6153846153846154,0.7142857142857143,0.0,1.0,0.51
Bruno_RS05,25,0.72,0.6153846153846154,0.8333333333333334,0.0,1.0,0.4
Bruno_RS06,19,1.0,1.0,1.0,0.0,0.96,0.53
Bruno_RS07,19,1.0,1.0,1.0,0.0,0.98,0.4
Bruno_RS08,35,0.7428571428571429,0.7692307692307693,0.7272727272727273,0.47,0.53,0.35
Bruno_RS09,20,1.0,1.0,1.0,0.0,1.0,0.89
Bruno_RS10,19,0.9473684210526315,0.9230769230769231,1.0,0.0,1.0,0.38
Bruno_RS11,21,0.8571428571428571,0.7692307692307693,1.0,0.0,1.0,0.38
Bruno_RS12,21,0.9523809523809523,0.9230769230769231,1.0,0.0,1.0,0.46
Bruno_RS13,26,0.8846153846153846,1.0,0.7692307692307693,0.0,1.0,0.6
Bruno_RS14,22,0.8181818181818182,0.8461538461538461,0.7777777777777778,0.0,1.0,0.46
Bruno_RS15,23,0.8260869565217391,0.6923076923076923,1.0,0.62,0.38,0.19
Bruno_RS16,32,0.90625,0.8461538461538461,0.9473684210526315,0.0,1.0,0.71
Bruno_RS17,29,0.8620689655172413,0.8461538461538461,0.875,0.82,0.18,0.06
Bruno_RS18,28,0.7857142857142857,0.8461538461538461,0.7333333333333333,0.0,1.0,0.55
Bruno_RS19,24,0.7083333333333334,0.7692307692307693,0.6363636363636364,0.0,1.0,0.44
Bruno_RS20,25,0.76,0.6153846153846154,0.9166666666666666,0.62,0.38,0.17
Bruno_RS21,20,1.0,1.0,1.0,0.0,1.0,0.71
Bruno_RS22,19,0.9473684210526315,0.9230769230769231,1.0,0.0,1.0,0.48
Bruno_RS23,19,1.0,1.0,1.0,0.0,1.0,0.32
Bruno_RS24,25,0.72,0.7692307692307693,0.6666666666666666,0.0,1.0,0.39
Bruno_RS25,31,0.6451612903225806,0.46153846153846156,0.7777777777777778,0.0,0.99,0.54
Bruno_RS26,25,0.72,0.8461538461538461,0.5833333333333334,0.0,1.0,0.6
Bruno_RS27,30,0.8333333333333334,0.9230769230769231,0.7647058823529411,0.0,1.0,0.52
Bruno_RS28,19,1.0,1.0,1.0,0.0,0.99,0.82
Bruno_RS29,27,1.0,1.0,1.0,0.0,1.0,0.44
Bruno_RS30,37,0.7837837837837838,1.0,0.6666666666666666,0.0,0.99,0.42
Bruno_RS31,19,1.0,1.0,1.0,0.0,1.0,0.32
Bruno_RS32,26,0.8076923076923077,0.7692307692307693,0.8461538461538461,0.6,0.4,0.3
Bruno_RS33,25,0.72,0.6923076923076923,0.75,0.0,1.0,0.36
Bruno_RS34,31,0.7096774193548387,0.5384615384615384,0.8333333333333334,0.0,1.0,0.63
Bruno_RS35,26,0.6538461538461539,0.6923076923076923,0.6153846153846154,0.85,0.15,0.13
Bruno_RS36,29,0.7586206896551724,0.8461538461538461,0.6875,0.0,1.0,0.64
Bruno_RS37,31,0.8387096774193549,0.8461538461538461,0.8333333333333334,0.68,0.32,0.12
Bruno_RS38,22,1.0,1.0,1.0,0.0,1.0,0.62
Bruno_RS39,20,1.0,1.0,1.0,0.0,1.0,0.65
Bruno_RS40,22,0.8636363636363636,0.8461538461538461,0.8888888888888888,0.0,1.0,0.71
Bruno_RS41,31,0.6774193548387096,0.6153846153846154,0.7222222222222222,0.0,0.99,0.62
Bruno_RS42,29,0.8275862068965517,0.8461538461538461,0.8125,0.72,0.28,0.26
Bruno_RS43,22,0.8636363636363636,0.9230769230769231,0.7777777777777778,0.0,1.0,0.93
Bruno_RS44,33,0.696969696969697,0.6153846153846154,0.75,0.0,1.0,0.66
Bruno_RS45,21,1.0,1.0,1.0,0.0,1.0,0.97
Bruno_RS46,19,0.9473684210526315,0.9230769230769231,1.0,0.0,0.99,0.35
Bruno_RS47,21,1.0,1.0,1.0,0.0,1.0,0.48
Bruno_RS48,24,0.875,0.8461538461538461,0.9090909090909091,0.0,0.99,0.82
Bruno_RS49,19,1.0,1.0,1.0,0.0,1.0,0.68
Bruno_RS50,33,0.8181818181818182,0.7692307692307693,0.85,0.69,0.31,0.24
Crauste_RS01,20,0.85,0.75,1.0,0.74,0.26,0.11
Crauste_RS02,17,1.0,1.0,1.0,0.71,0.27,0.06
Crauste_RS03,19,,,,0.75,0.22,0.02
Crauste_RS04,15,,,,0.6,0.21,0.01
Crauste_RS05,16,,,,0.61,0.31,0.01
Crauste_RS06,19,1.0,1.0,1.0,0.92,0.04,0.01
Crauste_RS07,17,0.8823529411764706,0.8333333333333334,1.0,0.85,0.14,0.05
Crauste_RS08,19,0.8947368421052632,0.8333333333333334,1.0,0.95,0.05,0.01
Crauste_RS09,15,,,,0.74,0.21,0.01
Crauste_RS10,15,,,,0.56,0.44,0.01
Crauste_RS11,15,,,,0.82,0.13,0.01
Crauste_RS12,22,0.9545454545454546,0.9166666666666666,1.0,0.89,0.1,0.01
Crauste_RS13,23,0.9565217391304348,0.9166666666666666,1.0,0.96,0.04,0.01
Crauste_RS14,21,1.0,1.0,1.0,0.8,0.2,0.04
Crauste_RS15,23,0.9130434782608695,0.8333333333333334,1.0,0.96,0.04,0.01
Crauste_RS16,22,,,,0.87,0.12,0.01
Crauste_RS17,14,,,,0.67,0.25,0.01
Crauste_RS18,19,,,,0.98,0.02,0.01
Crauste_RS19,19,,,,0.88,0.07,0.01
Crauste_RS20,15,,,,0.73,0.24,0.01
Crauste_RS21,16,,,,0.57,0.3,0.01
Crauste_RS22,20,0.9,0.9166666666666666,0.875,0.99,0.01,0.01
Crauste_RS23,15,,,,0.54,0.46,0.02
Crauste_RS24,15,,,,0.66,0.19,0.01
Crauste_RS25,17,1.0,1.0,1.0,0.74,0.26,0.05
Crauste_RS26,17,0.7058823529411765,0.5833333333333334,1.0,0.81,0.18,0.03
Crauste_RS27,18,,,,0.72,0.27,0.01
Crauste_RS28,14,,,,0.74,0.16,0.01
Crauste_RS29,20,1.0,1.0,1.0,0.89,0.11,0.11
Crauste_RS30,21,,,,0.86,0.13,0.01
Crauste_RS31,16,1.0,1.0,1.0,0.86,0.1,0.02
Crauste_RS32,16,0.8125,0.75,1.0,0.73,0.23,0.03
Crauste_RS33,16,,,,0.86,0.14,0.02
Crauste_RS34,15,1.0,1.0,1.0,0.66,0.22,0.01
Crauste_RS35,19,0.8947368421052632,0.8333333333333334,1.0,0.9,0.08,0.01
Crauste_RS36,14,0.5,0.4166666666666667,1.0,0.65,0.24,0.02
Crauste_RS37,16,,,,0.64,0.36,0.01
Crauste_RS38,14,,,,0.81,0.18,0.01
Crauste_RS39,18,,,,0.8,0.13,0.01
Crauste_RS40,16,,,,0.79,0.21,0.01
Crauste_RS41,16,0.8125,0.75,1.0,0.99,0.01,0.01
Crauste_RS42,19,1.0,1.0,1.0,0.9,0.08,0.01
Crauste_RS43,17,,,,0.89,0.1,0.01
Crauste_RS44,15,0.7333333333333333,0.6666666666666666,1.0,0.86,0.14,0.01
Crauste_RS45,17,0.7647058823529411,0.75,0.8,0.84,0.16,0.01
Crauste_RS46,18,0.6666666666666666,0.6666666666666666,0.6666666666666666,0.78,0.22,0.04
Crauste_RS47,16,0.9375,0.9166666666666666,1.0,0.92,0.08,0.01
Crauste_RS48,22,,,,0.97,0.03,0.01
Crauste_RS49,20,0.7,0.5,1.0,0.98,0.02,0.01
Crauste_RS50,14,,,,0.87,0.11,0.01
Elowitz_RS01,21,1.0,1.0,1.0,0.01,0.76,0.01
Elowitz_RS02,19,0.42105263157894735,0.3125,1.0,0.0,0.96,0.01
Elowitz_RS03,19,0.6842105263157895,0.625,1.0,0.01,0.71,0.13
Elowitz_RS04,26,,,,0.08,0.8,0.09
Elowitz_RS05,18,0.7777777777777778,0.75,1.0,0.0,0.94,0.01
Elowitz_RS06,18,0.1111111111111111,0.0625,0.5,0.0,1.0,0.79
Elowitz_RS07,23,0.4782608695652174,0.4375,0.5714285714285714,0.0,0.92,0.04
Elowitz_RS08,20,0.55,0.625,0.25,0.0,0.78,0.01
Elowitz_RS09,21,0.8095238095238095,0.75,1.0,0.0,0.96,0.01
Elowitz_RS10,23,0.6956521739130435,0.5625,1.0,0.01,0.96,0.02
Elowitz_RS11,27,,,,0.95,0.02,0.01
Elowitz_RS12,26,0.6923076923076923,0.5,1.0,0.0,0.99,0.05
Elowitz_RS13,24,0.7083333333333334,0.5625,1.0,0.0,0.92,0.02
Elowitz_RS14,31,0.8709677419354839,0.8125,0.9333333333333333,0.01,0.93,0.17
Elowitz_RS15,29,0.7931034482758621,0.6875,0.9230769230769231,0.0,0.95,0.32
Elowitz_RS16,21,0.5238095238095238,0.4375,0.8,0.0,0.92,0.22
Elowitz_RS17,39,,,,0.97,0.02,0.01
Elowitz_RS18,22,0.45454545454545453,0.25,1.0,0.01,0.98,0.01
Elowitz_RS19,27,0.7407407407407407,0.5625,1.0,0.0,0.96,0.04
Elowitz_RS20,22,0.5,0.3125,1.0,0.01,0.96,0.15
Elowitz_RS21,24,0.9166666666666666,0.875,1.0,0.0,0.96,0.03
Elowitz_RS22,23,,,,0.97,0.02,0.01
Elowitz_RS23,19,0.7894736842105263,0.75,1.0,0.0,0.93,0.14
Elowitz_RS24,19,0.631578947368421,0.5625,1.0,0.0,0.98,0.21
Elowitz_RS25,34,0.9117647058823529,0.8125,1.0,0.01,0.98,0.6
Elowitz_RS26,21,0.9523809523809523,0.9375,1.0,0.01,0.85,0.03
Elowitz_RS27,21,0.42857142857142855,0.3125,0.8,0.01,0.95,0.02
Elowitz_RS28,21,0.5238095238095238,0.5625,0.4,0.0,0.9,0.02
Elowitz_RS29,26,0.8076923076923077,0.6875,1.0,0.02,0.93,0.1
Elowitz_RS30,19,0.631578947368421,0.5625,1.0,0.0,0.8,0.01
Elowitz_RS31,21,0.6190476190476191,0.5,1.0,0.01,0.97,0.01
Elowitz_RS32,21,0.8095238095238095,0.75,1.0,0.0,0.89,0.07
Elowitz_RS33,26,0.8076923076923077,0.6875,1.0,0.03,0.9,0.25
Elowitz_RS34,22,0.8181818181818182,0.75,1.0,0.01,0.82,0.01
Elowitz_RS35,33,0.6363636363636364,0.5,0.7647058823529411,0.0,0.93,0.03
Elowitz_RS36,29,0.8275862068965517,0.6875,1.0,0.0,0.99,0.08
Elowitz_RS37,18,0.7222222222222222,0.6875,1.0,0.0,0.72,0.01
Elowitz_RS38,23,0.8695652173913043,0.8125,1.0,0.02,0.83,0.01
Elowitz_RS39,20,0.85,0.8125,1.0,0.02,0.91,0.02
Elowitz_RS40,21,0.5714285714285714,0.5,0.8,0.0,0.95,0.01
Elowitz_RS41,21,0.7619047619047619,0.6875,1.0,0.01,0.92,0.14
Elowitz_RS42,25,0.68,0.5625,0.8888888888888888,0.01,0.88,0.26
Elowitz_RS43,21,0.6190476190476191,0.5625,0.8,0.0,0.95,0.02
Elowitz_RS44,29,0.7241379310344828,0.6875,0.7692307692307693,0.05,0.76,0.16
Elowitz_RS45,29,0.9310344827586207,0.875,1.0,0.0,0.95,0.53
Elowitz_RS46,22,0.7727272727272727,0.6875,1.0,0.01,0.96,0.71
Elowitz_RS47,21,0.7142857142857143,0.625,1.0,0.0,0.92,0.27
Elowitz_RS48,31,0.5161290322580645,0.5625,0.4666666666666667,0.0,0.97,0.03
Elowitz_RS49,19,0.6842105263157895,0.625,1.0,0.01,0.94,0.01
Elowitz_RS50,23,0.9130434782608695,0.875,1.0,0.01,0.93,0.49
Fiedler_RS01,18,0.8333333333333334,0.75,1.0,0.0,1.0,0.1
Fiedler_RS02,18,0.6666666666666666,0.5,1.0,0.0,0.95,0.19
Fiedler_RS03,18,0.8333333333333334,0.75,1.0,0.0,0.99,0.14
Fiedler_RS04,39,0.6410256410256411,0.4166666666666667,0.7407407407407407,0.0,0.9,0.13
Fiedler_RS05,24,0.5416666666666666,0.3333333333333333,0.75,0.02,0.95,0.04
Fiedler_RS06,15,1.0,1.0,1.0,0.0,0.99,0.03
Fiedler_RS07,24,0.7916666666666666,0.5833333333333334,1.0,0.0,1.0,0.2
Fiedler_RS08,21,0.7142857142857143,0.5,1.0,0.0,1.0,0.02
Fiedler_RS09,21,0.47619047619047616,0.25,0.7777777777777778,0.0,0.82,0.02
Fiedler_RS10,21,0.7142857142857143,0.5,1.0,0.0,0.7,0.08
Fiedler_RS11,18,0.7777777777777778,0.6666666666666666,1.0,0.0,0.96,0.07
Fiedler_RS12,21,0.42857142857142855,0.3333333333333333,0.5555555555555556,0.0,0.96,0.09
Fiedler_RS13,24,0.5833333333333334,0.3333333333333333,0.8333333333333334,0.0,0.96,0.01
Fiedler_RS14,27,0.7407407407407407,0.5,0.9333333333333333,0.0,0.99,0.18
Fiedler_RS15,18,0.3333333333333333,0.0,1.0,0.0,0.82,0.06
Fiedler_RS16,30,,,,0.0,0.81,0.12
Fiedler_RS17,24,,,,0.02,0.98,0.08
Fiedler_RS18,27,0.8148148148148148,0.5833333333333334,1.0,0.0,0.95,0.01
Fiedler_RS19,24,0.4166666666666667,0.08333333333333333,0.75,0.0,0.78,0.09
Fiedler_RS20,21,0.8095238095238095,0.6666666666666666,1.0,0.0,0.88,0.13
Fiedler_RS21,24,0.9583333333333334,0.9166666666666666,1.0,0.0,1.0,0.17
Fiedler_RS22,21,0.9523809523809523,0.9166666666666666,1.0,0.0,0.99,0.11
Fiedler_RS23,18,0.6111111111111112,0.5,0.8333333333333334,0.0,0.95,0.01
Fiedler_RS24,24,0.7916666666666666,0.5833333333333334,1.0,0.0,0.98,0.21
Fiedler_RS25,15,0.5333333333333333,0.4166666666666667,1.0,0.0,1.0,0.05
Fiedler_RS26,21,0.8571428571428571,0.75,1.0,0.0,0.99,0.27
Fiedler_RS27,27,0.9259259259259259,0.8333333333333334,1.0,0.0,1.0,0.3
Fiedler_RS28,21,0.8095238095238095,0.6666666666666666,1.0,0.0,0.98,0.01
Fiedler_RS29,21,0.8571428571428571,0.75,1.0,0.0,0.97,0.06
Fiedler_RS30,27,0.7407407407407407,0.4166666666666667,1.0,0.0,0.98,0.02
Fiedler_RS31,21,0.8571428571428571,0.75,1.0,0.0,1.0,0.08
Fiedler_RS32,21,0.7619047619047619,0.5833333333333334,1.0,0.0,0.95,0.02
Fiedler_RS33,18,0.8333333333333334,0.75,1.0,0.0,1.0,0.21
Fiedler_RS34,33,0.5151515151515151,0.16666666666666666,0.7142857142857143,0.0,0.95,0.02
Fiedler_RS35,21,0.9047619047619048,0.8333333333333334,1.0,0.0,0.67,0.07
Fiedler_RS36,18,0.7222222222222222,0.5833333333333334,1.0,0.0,1.0,0.06
Fiedler_RS37,21,0.8571428571428571,0.75,1.0,0.0,0.99,0.01
Fiedler_RS38,24,0.875,0.75,1.0,0.0,1.0,0.04
Fiedler_RS39,27,0.9629629629629629,0.9166666666666666,1.0,0.0,0.98,0.06
Fiedler_RS40,42,0.9761904761904762,0.9166666666666666,1.0,0.0,1.0,0.16
Fiedler_RS41,21,0.9047619047619048,0.8333333333333334,1.0,0.0,0.99,0.06
Fiedler_RS42,24,0.875,0.75,1.0,0.0,0.99,0.02
Fiedler_RS43,18,0.4444444444444444,0.16666666666666666,1.0,0.0,0.94,0.04
Fiedler_RS44,51,0.7450980392156863,0.4166666666666667,0.8461538461538461,0.0,0.99,0.24
Fiedler_RS45,30,0.8,0.5,1.0,0.0,0.88,0.01
Fiedler_RS46,24,0.4166666666666667,0.08333333333333333,0.75,0.0,0.89,0.02
Fiedler_RS47,18,0.5555555555555556,0.4166666666666667,0.8333333333333334,0.0,0.99,0.01
Fiedler_RS48,51,0.6470588235294118,0.4166666666666667,0.717948717948718,0.0,1.0,0.11
Fiedler_RS49,42,0.9285714285714286,0.75,1.0,0.0,1.0,0.6
Fiedler_RS50,33,0.7272727272727273,0.5833333333333334,0.8095238095238095,0.01,0.98,0.01
Fujita_RS01,91,0.8681318681318682,0.631578947368421,0.9305555555555556,0.39,0.61,0.01
Fujita_RS02,61,0.8688524590163934,0.631578947368421,0.9761904761904762,0.13,0.87,0.03
Fujita_RS03,61,0.9344262295081968,0.7894736842105263,1.0,0.24,0.76,0.01
Fujita_RS04,55,0.8909090909090909,0.6842105263157895,1.0,0.22,0.78,0.02
Fujita_RS05,67,,,,0.17,0.83,0.02
Fujita_RS06,61,0.9344262295081968,0.7894736842105263,1.0,0.11,0.89,0.02
Fujita_RS07,55,0.8727272727272727,0.631578947368421,1.0,0.44,0.56,0.01
Fujita_RS08,37,,,,0.3,0.69,0.01
Fujita_RS09,49,0.7755102040816326,0.5263157894736842,0.9333333333333333,0.31,0.69,0.01
Fujita_RS10,109,0.9541284403669725,0.7894736842105263,0.9888888888888889,0.27,0.73,0.01
Fujita_RS11,37,0.8378378378378378,0.6842105263157895,1.0,0.28,0.72,0.01
Fujita_RS12,49,0.8571428571428571,0.631578947368421,1.0,0.28,0.72,0.01
Fujita_RS13,85,0.9176470588235294,0.631578947368421,1.0,0.2,0.78,0.01
Fujita_RS14,49,,,,0.21,0.79,0.01
Fujita_RS15,37,0.8108108108108109,0.631578947368421,1.0,0.11,0.89,0.01
Fujita_RS16,61,0.8032786885245902,0.42105263157894735,0.9761904761904762,0.24,0.73,0.01
Fujita_RS17,67,0.8805970149253731,0.631578947368421,0.9791666666666666,0.21,0.79,0.01
Fujita_RS18,31,0.7096774193548387,0.5263157894736842,1.0,0.3,0.7,0.01
Fujita_RS19,49,0.8367346938775511,0.5789473684210527,1.0,0.23,0.76,0.02
Fujita_RS20,73,0.9452054794520548,0.7894736842105263,1.0,0.15,0.85,0.01
Fujita_RS21,37,0.6216216216216216,0.2631578947368421,1.0,0.39,0.59,0.07
Fujita_RS22,49,0.8367346938775511,0.5789473684210527,1.0,0.22,0.78,0.01
Fujita_RS23,91,,,,0.2,0.8,0.01
Fujita_RS24,67,0.8059701492537313,0.3157894736842105,1.0,0.39,0.61,0.07
Fujita_RS25,67,0.8955223880597015,0.6842105263157895,0.9791666666666666,0.24,0.76,0.01
Fujita_RS26,61,,,,0.26,0.74,0.01
Fujita_RS27,49,0.7142857142857143,0.2631578947368421,1.0,0.36,0.62,0.05
Fujita_RS28,61,0.8852459016393442,0.631578947368421,1.0,0.29,0.71,0.01
Fujita_RS29,73,0.9041095890410958,0.631578947368421,1.0,0.27,0.73,0.01
Fujita_RS30,67,0.7164179104477612,0.3157894736842105,0.875,0.44,0.43,0.01
Fujita_RS31,37,,,,0.28,0.7,0.01
Fujita_RS32,163,0.9202453987730062,0.6842105263157895,0.9513888888888888,0.28,0.72,0.01
Fujita_RS33,55,0.7636363636363637,0.42105263157894735,0.9444444444444444,0.22,0.78,0.01
Fujita_RS34,37,0.8108108108108109,0.631578947368421,1.0,0.51,0.49,0.01
Fujita_RS35,73,0.9178082191780822,0.6842105263157895,1.0,0.28,0.72,0.01
Fujita_RS36,55,0.7636363636363637,0.5263157894736842,0.8888888888888888,0.25,0.75,0.01
Fujita_RS37,61,0.9344262295081968,0.7894736842105263,1.0,0.15,0.85,0.01
Fujita_RS38,67,,,,0.36,0.63,0.01
Fujita_RS39,37,,,,0.14,0.86,0.06
Fujita_RS40,37,0.6486486486486487,0.3157894736842105,1.0,0.4,0.6,0.05
Fujita_RS41,79,0.8607594936708861,0.631578947368421,0.9333333333333333,0.3,0.7,0.01
Fujita_RS42,37,0.6486486486486487,0.3157894736842105,1.0,0.2,0.8,0.01
Fujita_RS43,121,0.9421487603305785,0.7894736842105263,0.9705882352941176,0.15,0.85,0.01
Fujita_RS44,97,0.9278350515463918,0.6842105263157895,0.9871794871794872,0.24,0.76,0.02
Fujita_RS45,73,0.5616438356164384,0.42105263157894735,0.6111111111111112,0.27,0.73,0.01
Fujita_RS46,37,,,,0.3,0.7,0.02
Fujita_RS47,49,0.8571428571428571,0.631578947368421,1.0,0.26,0.74,0.01
Fujita_RS48,79,0.8860759493670886,0.5789473684210527,0.9833333333333333,0.23,0.76,0.01
Fujita_RS49,49,,,,0.46,0.54,0.01
Fujita_RS50,85,0.8470588235294118,0.5789473684210527,0.9242424242424242,0.19,0.8,0.01
Hass_RS01,46,0.8043478260869565,0.8181818181818182,0.8,0.65,0.34,0.01
Hass_RS02,27,1.0,1.0,1.0,0.67,0.33,0.05
Hass_RS03,59,0.8813559322033898,1.0,0.8541666666666666,0.68,0.31,0.01
Hass_RS04,38,0.9736842105263158,1.0,0.9629629629629629,0.69,0.3,0.02
Hass_RS05,74,,,,0.7,0.29,0.01
Hass_RS06,17,1.0,1.0,1.0,0.69,0.31,0.17
Hass_RS07,41,0.6829268292682927,0.6363636363636364,0.7,0.91,0.09,0.01
Hass_RS08,25,0.84,0.6363636363636364,1.0,0.53,0.47,0.02
Hass_RS09,31,0.967741935483871,1.0,0.95,0.74,0.26,0.13
Hass_RS10,21,,,,0.88,0.11,0.01
Hass_RS11,32,,,,0.72,0.28,0.01
Hass_RS12,45,,,,0.75,0.24,0.01
Hass_RS13,22,0.9090909090909091,0.8181818181818182,1.0,0.76,0.24,0.03
Hass_RS14,31,,,,0.92,0.08,0.01
Hass_RS15,45,1.0,1.0,1.0,0.64,0.35,0.05
Hass_RS16,26,1.0,1.0,1.0,0.64,0.36,0.11
Hass_RS17,74,0.8378378378378378,1.0,0.8095238095238095,0.67,0.33,0.02
Hass_RS18,31,0.967741935483871,1.0,0.95,0.68,0.32,0.03
Hass_RS19,75,0.8933333333333333,1.0,0.875,0.68,0.32,0.06
Hass_RS20,51,,,,0.79,0.21,0.01
Hass_RS21,61,1.0,1.0,1.0,0.73,0.27,0.03
Hass_RS22,21,,,,0.65,0.35,0.22
Hass_RS23,41,,,,0.91,0.09,0.01
Hass_RS24,28,0.7857142857142857,0.8181818181818182,0.7647058823529411,0.66,0.34,0.01
Hass_RS25,49,0.9183673469387755,1.0,0.8947368421052632,0.63,0.36,0.01
Hass_RS26,57,0.9122807017543859,1.0,0.8913043478260869,0.75,0.25,0.09
Hass_RS27,40,1.0,1.0,1.0,0.84,0.16,0.03
Hass_RS28,23,0.9565217391304348,1.0,0.9166666666666666,0.7,0.3,0.01
Hass_RS29,36,0.8333333333333334,1.0,0.76,0.67,0.33,0.04
Hass_RS30,31,0.9032258064516129,0.8181818181818182,0.95,0.71,0.29,0.02
Hass_RS31,28,1.0,1.0,1.0,0.61,0.39,0.36
Hass_RS32,24,1.0,1.0,1.0,0.58,0.41,0.01
Hass_RS33,33,0.9090909090909091,0.9090909090909091,0.9090909090909091,0.62,0.38,0.14
Hass_RS34,26,0.9615384615384616,1.0,0.9333333333333333,0.77,0.22,0.01
Hass_RS35,38,,,,0.83,0.17,0.02
Hass_RS36,16,0.9375,0.9090909090909091,1.0,0.86,0.14,0.02
Hass_RS37,66,0.8939393939393939,1.0,0.8727272727272727,0.78,0.22,0.09
Hass_RS38,40,0.975,1.0,0.9655172413793104,0.66,0.34,0.01
Hass_RS39,46,,,,0.92,0.08,0.01
Hass_RS40,18,,,,0.87,0.13,0.08
Hass_RS41,59,0.9830508474576272,1.0,0.9791666666666666,0.73,0.27,0.09
Hass_RS42,22,0.8636363636363636,0.8181818181818182,0.9090909090909091,0.77,0.23,0.03
Hass_RS43,21,0.9047619047619048,0.8181818181818182,1.0,0.65,0.35,0.02
Hass_RS44,40,1.0,1.0,1.0,0.75,0.25,0.01
Hass_RS45,29,0.7241379310344828,0.5454545454545454,0.8333333333333334,0.96,0.04,0.02
Hass_RS46,16,1.0,1.0,1.0,0.66,0.34,0.01
Hass_RS47,27,1.0,1.0,1.0,0.69,0.31,0.1
Hass_RS48,17,0.9411764705882353,0.9090909090909091,1.0,0.52,0.48,0.32
Hass_RS49,30,1.0,1.0,1.0,0.61,0.39,0.18
Hass_RS50,38,1.0,1.0,1.0,0.61,0.39,0.12
Isensee_RS01,139,0.9568345323741008,0.8235294117647058,1.0,0.0,1.0,0.48
Isensee_RS02,158,0.689873417721519,0.38235294117647056,0.7741935483870968,0.02,0.98,0.01
Isensee_RS03,222,0.9279279279279279,0.6764705882352942,0.973404255319149,0.04,0.96,0.06
Isensee_RS04,79,0.9113924050632911,0.7941176470588235,1.0,0.02,0.94,0.09
Isensee_RS05,166,0.963855421686747,0.8235294117647058,1.0,0.0,1.0,0.69
Isensee_RS06,65,1.0,1.0,1.0,0.02,0.97,0.04
Isensee_RS07,257,0.953307392996109,0.7941176470588235,0.9775784753363229,0.0,0.98,0.02
Isensee_RS08,102,0.9313725490196079,0.7941176470588235,1.0,0.03,0.97,0.03
Isensee_RS09,67,0.6716417910447762,0.35294117647058826,1.0,0.0,0.99,0.01
Isensee_RS10,250,0.996,0.9705882352941176,1.0,0.04,0.96,0.01
Isensee_RS11,93,0.989247311827957,0.9705882352941176,1.0,0.01,0.98,0.01
Isensee_RS12,158,0.7151898734177216,0.4117647058823529,0.7983870967741935,0.01,0.99,0.01
Isensee_RS13,192,0.8385416666666666,0.6176470588235294,0.8860759493670886,0.0,1.0,0.02
Isensee_RS14,97,0.8144329896907216,0.47058823529411764,1.0,0.0,1.0,0.02
Isensee_RS15,187,0.9572192513368984,0.7647058823529411,1.0,0.0,1.0,0.11
Isensee_RS16,85,0.8352941176470589,0.5882352941176471,1.0,0.02,0.98,0.11
Isensee_RS17,166,0.9457831325301205,0.7352941176470589,1.0,0.02,0.98,0.04
Isensee_RS18,97,0.8969072164948454,0.7058823529411765,1.0,0.0,1.0,0.01
Isensee_RS19,71,0.7605633802816901,0.5,1.0,0.03,0.96,0.02
Isensee_RS20,90,0.7333333333333333,0.3235294117647059,0.9821428571428571,0.01,0.99,0.01
Isensee_RS21,160,0.7875,0.5,0.8650793650793651,0.04,0.95,0.02
Isensee_RS22,292,0.8287671232876712,0.6764705882352942,0.8488372093023255,0.03,0.97,0.08
Isensee_RS23,91,0.5164835164835165,0.08823529411764706,0.7719298245614035,0.0,0.99,0.01
Isensee_RS24,95,0.7894736842105263,0.4117647058823529,1.0,0.04,0.95,0.01
Isensee_RS25,161,0.9192546583850931,0.9117647058823529,0.9212598425196851,0.01,0.99,0.19
Isensee_RS26,91,0.7252747252747253,0.47058823529411764,0.8771929824561403,0.02,0.95,0.01
Isensee_RS27,132,0.9015151515151515,0.6470588235294118,0.9897959183673469,0.05,0.95,0.18
Isensee_RS28,280,0.9821428571428571,0.8529411764705882,1.0,0.0,1.0,0.32
Isensee_RS29,100,0.78,0.35294117647058826,1.0,0.0,0.99,0.01
Isensee_RS30,176,0.7784090909090909,0.6176470588235294,0.8169014084507042,0.02,0.97,0.01
Isensee_RS31,78,0.6666666666666666,0.23529411764705882,1.0,0.02,0.98,0.01
Isensee_RS32,87,0.7816091954022989,0.5882352941176471,0.9056603773584906,0.01,0.96,0.08
Isensee_RS33,69,0.6811594202898551,0.35294117647058826,1.0,0.01,0.99,0.01
Isensee_RS34,70,0.6142857142857143,0.20588235294117646,1.0,0.02,0.98,0.01
Isensee_RS35,133,0.9699248120300752,0.8823529411764706,1.0,0.04,0.95,0.06
Isensee_RS36,247,0.9757085020242915,0.8235294117647058,1.0,0.02,0.98,0.15
Isensee_RS37,125,0.968,0.8823529411764706,1.0,0.03,0.97,0.04
Isensee_RS38,67,0.5074626865671642,0.029411764705882353,1.0,0.0,1.0,0.75
Isensee_RS39,65,0.676923076923077,0.38235294117647056,1.0,0.03,0.93,0.01
Isensee_RS40,259,0.918918918918919,0.8235294117647058,0.9333333333333333,0.0,1.0,0.23
Isensee_RS41,100,0.74,0.3235294117647059,0.9545454545454546,0.02,0.98,0.01
Isensee_RS42,71,0.8309859154929577,0.6470588235294118,1.0,0.05,0.92,0.01
Isensee_RS43,139,0.9928057553956835,0.9705882352941176,1.0,0.0,1.0,0.25
Isensee_RS44,96,0.4583333333333333,0.029411764705882353,0.6935483870967742,0.0,1.0,0.6
Isensee_RS45,75,0.8666666666666667,0.7058823529411765,1.0,0.0,0.99,0.04
Isensee_RS46,125,0.976,0.9117647058823529,1.0,0.01,0.99,0.05
Isensee_RS47,292,0.7534246575342466,0.5588235294117647,0.7790697674418605,0.01,0.99,0.02
Isensee_RS48,89,0.7640449438202247,0.5,0.9272727272727272,0.04,0.96,0.06
Isensee_RS49,68,1.0,1.0,1.0,0.03,0.94,0.01
Isensee_RS50,115,0.8260869565217391,0.5294117647058824,0.9506172839506173,0.01,0.97,0.02
Lucarelli_RS01,126,0.9841269841269841,0.9722222222222222,1.0,0.11,0.8,0.01
Lucarelli_RS02,206,,,,0.47,0.53,0.01
Lucarelli_RS03,160,0.50625,0.2222222222222222,0.7386363636363636,0.35,0.65,0.01
Lucarelli_RS04,156,0.7756410256410257,0.5138888888888888,1.0,0.07,0.68,0.01
Lucarelli_RS05,156,0.5769230769230769,0.3055555555555556,0.8095238095238095,0.11,0.87,0.08
Lucarelli_RS06,200,0.605,0.3888888888888889,0.7265625,0.33,0.66,0.03
Lucarelli_RS07,116,0.5948275862068966,0.3472222222222222,1.0,0.22,0.75,0.01
Lucarelli_RS08,92,,,,0.04,0.96,0.01
Lucarelli_RS09,276,,,,0.3,0.67,0.01
Lucarelli_RS10,121,,,,0.2,0.71,0.01
Lucarelli_RS11,170,0.5882352941176471,0.3055555555555556,0.7959183673469388,0.25,0.72,0.01
Lucarelli_RS12,100,,,,0.09,0.91,0.02
Lucarelli_RS13,108,,,,0.22,0.75,0.01
Lucarelli_RS14,92,0.21739130434782608,0.1111111111111111,0.6,0.5,0.49,0.01
Lucarelli_RS15,126,,,,0.1,0.89,0.01
Lucarelli_RS16,156,0.47435897435897434,0.25,0.6666666666666666,0.37,0.62,0.01
Lucarelli_RS17,104,0.9230769230769231,0.8888888888888888,1.0,0.33,0.67,0.03
Lucarelli_RS18,213,0.5868544600938967,0.2777777777777778,0.7446808510638298,0.1,0.9,0.01
Lucarelli_RS19,148,0.5,0.20833333333333334,0.7763157894736842,0.45,0.55,0.01
Lucarelli_RS20,131,0.6030534351145038,0.2777777777777778,1.0,0.15,0.82,0.02
Lucarelli_RS21,158,,,,0.08,0.89,0.01
Lucarelli_RS22,135,0.5037037037037037,0.2222222222222222,0.8253968253968254,0.11,0.84,0.01
Lucarelli_RS23,134,0.6567164179104478,0.3611111111111111,1.0,0.11,0.89,0.02
Lucarelli_RS24,146,0.5821917808219178,0.3472222222222222,0.8108108108108109,0.19,0.8,0.01
Lucarelli_RS25,309,0.7087378640776699,0.4583333333333333,0.7848101265822784,0.12,0.78,0.01
Lucarelli_RS26,110,0.5454545454545454,0.3055555555555556,1.0,0.16,0.83,0.01
Lucarelli_RS27,161,0.6211180124223602,0.2222222222222222,0.9438202247191011,0.19,0.81,0.02
Lucarelli_RS28,108,0.4722222222222222,0.20833333333333334,1.0,0.17,0.83,0.07
Lucarelli_RS29,124,0.5967741935483871,0.3055555555555556,1.0,0.1,0.89,0.13
Lucarelli_RS30,92,0.13043478260869565,0.16666666666666666,0.0,0.01,0.98,0.14
Lucarelli_RS31,132,,,,0.1,0.84,0.01
Lucarelli_RS32,132,0.5303030303030303,0.2361111111111111,0.8833333333333333,0.33,0.67,0.01
Lucarelli_RS33,147,0.5850340136054422,0.2361111111111111,0.92,0.05,0.93,0.03
Lucarelli_RS34,116,,,,0.09,0.9,0.01
Lucarelli_RS35,180,0.9888888888888889,0.9722222222222222,1.0,0.15,0.76,0.01
Lucarelli_RS36,103,0.49514563106796117,0.2777777777777778,1.0,0.07,0.92,0.13
Lucarelli_RS37,114,0.5614035087719298,0.3055555555555556,1.0,0.06,0.93,0.16
Lucarelli_RS38,138,0.644927536231884,0.3194444444444444,1.0,0.15,0.85,0.06
Lucarelli_RS39,146,0.5342465753424658,0.3194444444444444,0.7432432432432432,0.44,0.56,0.01
Lucarelli_RS40,95,1.0,1.0,1.0,0.1,0.82,0.01
Lucarelli_RS41,196,0.6836734693877551,0.375,0.8629032258064516,0.12,0.85,0.01
Lucarelli_RS42,135,0.5037037037037037,0.2361111111111111,0.8095238095238095,0.44,0.55,0.01
Lucarelli_RS43,185,0.6918918918918919,0.4305555555555556,0.8584070796460177,0.09,0.86,0.02
Lucarelli_RS44,111,,,,0.03,0.97,0.08
Lucarelli_RS45,127,0.5984251968503937,0.2916666666666667,1.0,0.1,0.88,0.01
Lucarelli_RS46,108,0.3888888888888889,0.1527777777777778,0.8611111111111112,0.07,0.92,0.02
Lucarelli_RS47,140,0.21428571428571427,0.1388888888888889,0.29411764705882354,0.22,0.76,0.14
Lucarelli_RS48,101,0.5346534653465347,0.3472222222222222,1.0,0.09,0.87,0.01
Lucarelli_RS49,236,0.6313559322033898,0.3333333333333333,0.7621951219512195,0.21,0.77,0.01
Lucarelli_RS50,160,,,,0.05,0.95,0.02
Merkle_RS01,99,0.9393939393939394,0.8604651162790697,1.0,0.51,0.48,0.06
Merkle_RS02,112,0.9553571428571429,0.8837209302325582,1.0,0.18,0.81,0.14
Merkle_RS03,118,0.9915254237288136,0.9767441860465116,1.0,0.42,0.58,0.12
Merkle_RS04,116,1.0,1.0,1.0,0.39,0.61,0.18
Merkle_RS05,159,1.0,1.0,1.0,0.2,0.8,0.31
Merkle_RS06,155,,,,0.87,0.12,0.01
Merkle_RS07,172,0.9941860465116279,0.9767441860465116,1.0,0.81,0.19,0.01
Merkle_RS08,99,1.0,1.0,1.0,0.35,0.64,0.01
Merkle_RS09,251,1.0,1.0,1.0,0.72,0.27,0.02
Merkle_RS10,163,1.0,1.0,1.0,0.39,0.55,0.01
Merkle_RS11,194,,,,0.36,0.63,0.01
Merkle_RS12,173,0.9653179190751445,0.9069767441860465,0.9846153846153847,0.53,0.47,0.06
Merkle_RS13,207,,,,0.23,0.77,0.03
Merkle_RS14,189,0.9365079365079365,0.7674418604651163,0.9863013698630136,0.32,0.65,0.01
Merkle_RS15,203,0.9950738916256158,1.0,0.99375,0.36,0.64,0.01
Merkle_RS16,130,0.9846153846153847,0.9534883720930233,1.0,0.63,0.37,0.18
Merkle_RS17,189,0.9682539682539683,0.8837209302325582,0.9931506849315068,0.45,0.55,0.03
Merkle_RS18,107,,,,0.89,0.11,0.01
Merkle_RS19,133,0.7969924812030075,0.6976744186046512,0.8444444444444444,0.29,0.71,0.01
Merkle_RS20,103,,,,0.49,0.46,0.1
Merkle_RS21,156,0.9358974358974359,0.8372093023255814,0.9734513274336283,0.32,0.67,0.01
Merkle_RS22,251,0.9800796812749004,0.9534883720930233,0.9855769230769231,0.4,0.6,0.17
Merkle_RS23,81,,,,0.46,0.53,0.02
Merkle_RS24,78,0.9487179487179487,0.9069767441860465,1.0,0.41,0.59,0.01
Merkle_RS25,150,0.8866666666666667,0.9534883720930233,0.8598130841121495,0.19,0.81,0.01
Merkle_RS26,295,0.9423728813559322,0.8837209302325582,0.9523809523809523,0.44,0.56,0.01
Merkle_RS27,303,,,,0.75,0.18,0.01
Merkle_RS28,136,0.9632352941176471,0.8837209302325582,1.0,0.37,0.63,0.56
Merkle_RS29,187,,,,0.61,0.38,0.01
Merkle_RS30,190,,,,0.3,0.68,0.07
Merkle_RS31,154,,,,0.8,0.2,0.07
Merkle_RS32,191,0.9685863874345549,0.8837209302325582,0.9932432432432432,0.36,0.63,0.02
Merkle_RS33,161,1.0,1.0,1.0,0.79,0.2,0.01
Merkle_RS34,295,0.7796610169491526,0.6744186046511628,0.7976190476190477,0.46,0.53,0.01
Merkle_RS35,89,0.9550561797752809,0.9069767441860465,1.0,0.47,0.53,0.01
Merkle_RS36,170,0.9647058823529412,0.9069767441860465,0.984251968503937,0.84,0.16,0.01
Merkle_RS37,87,,,,0.93,0.07,0.01
Merkle_RS38,92,0.9565217391304348,0.9069767441860465,1.0,0.94,0.06,0.01
Merkle_RS39,244,,,,0.51,0.49,0.01
Merkle_RS40,114,0.9035087719298246,0.8604651162790697,0.9295774647887324,0.45,0.53,0.04
Merkle_RS41,136,,,,0.93,0.07,0.03
Merkle_RS42,265,0.9962264150943396,0.9767441860465116,1.0,0.43,0.57,0.01
Merkle_RS43,160,1.0,1.0,1.0,0.37,0.63,0.01
Merkle_RS44,132,,,,0.86,0.14,0.02
Merkle_RS45,114,0.9824561403508771,0.9534883720930233,1.0,0.22,0.78,0.33
Merkle_RS46,124,0.8870967741935484,0.8837209302325582,0.8888888888888888,0.38,0.58,0.01
Merkle_RS47,72,0.8333333333333334,0.7209302325581395,1.0,0.33,0.67,0.01
Merkle_RS48,232,0.9741379310344828,0.8837209302325582,0.9947089947089947,0.57,0.43,0.07
Merkle_RS49,96,0.84375,0.6744186046511628,0.9811320754716981,0.62,0.36,0.01
Merkle_RS50,136,,,,0.9,0.1,0.01
Raia_RS01,43,0.9302325581395349,0.8333333333333334,1.0,0.0,1.0,0.3
Raia_RS02,43,0.9767441860465116,0.9444444444444444,1.0,0.0,1.0,0.35
Raia_RS03,36,0.9722222222222222,0.9444444444444444,1.0,0.0,1.0,0.2
Raia_RS04,33,0.9393939393939394,0.8888888888888888,1.0,0.0,1.0,0.28
Raia_RS05,68,0.8970588235294118,0.8333333333333334,0.92,0.0,1.0,0.21
Raia_RS06,27,0.7407407407407407,0.6111111111111112,1.0,0.0,0.97,0.05
Raia_RS07,80,0.725,0.6111111111111112,0.7580645161290323,0.29,0.71,0.03
Raia_RS08,30,0.8333333333333334,0.7222222222222222,1.0,0.0,1.0,0.23
Raia_RS09,42,0.9047619047619048,0.8333333333333334,0.9583333333333334,0.0,1.0,0.01
Raia_RS10,35,0.9714285714285714,0.9444444444444444,1.0,0.0,1.0,0.18
Raia_RS11,41,0.926829268292683,0.8333333333333334,1.0,0.0,0.92,0.06
Raia_RS12,26,0.5,0.3333333333333333,0.875,0.0,1.0,0.06
Raia_RS13,44,0.9772727272727273,0.9444444444444444,1.0,0.0,1.0,0.28
Raia_RS14,28,0.8214285714285714,0.7222222222222222,1.0,0.0,0.92,0.38
Raia_RS15,75,0.8933333333333333,1.0,0.8596491228070176,0.01,0.99,0.01
Raia_RS16,42,0.6428571428571429,0.3888888888888889,0.8333333333333334,0.0,0.99,0.08
Raia_RS17,28,0.6428571428571429,0.5,0.9,0.0,0.99,0.13
Raia_RS18,25,0.8,0.7222222222222222,1.0,0.0,0.99,0.38
Raia_RS19,57,0.9298245614035088,0.8333333333333334,0.9743589743589743,0.0,0.99,0.13
Raia_RS20,29,0.8275862068965517,0.7222222222222222,1.0,0.0,0.99,0.04
Raia_RS21,40,0.65,0.4444444444444444,0.8181818181818182,0.0,0.99,0.16
Raia_RS22,43,0.8604651162790697,0.6666666666666666,1.0,0.0,1.0,0.07
Raia_RS23,27,0.7777777777777778,0.6666666666666666,1.0,0.0,1.0,0.11
Raia_RS24,26,0.38461538461538464,0.1111111111111111,1.0,0.0,0.94,0.01
Raia_RS25,43,0.9767441860465116,0.9444444444444444,1.0,0.0,1.0,0.45
Raia_RS26,37,0.5945945945945946,0.2777777777777778,0.8947368421052632,0.0,0.95,0.02
Raia_RS27,57,0.7368421052631579,0.5555555555555556,0.8205128205128205,0.01,0.99,0.02
Raia_RS28,62,0.967741935483871,1.0,0.9545454545454546,0.0,0.99,0.16
Raia_RS29,40,0.975,0.9444444444444444,1.0,0.0,1.0,0.37
Raia_RS30,69,0.8840579710144928,0.8333333333333334,0.9019607843137255,0.32,0.68,0.13
Raia_RS31,38,0.7105263157894737,0.6666666666666666,0.75,0.0,1.0,0.17
Raia_RS32,41,0.5121951219512195,0.3333333333333333,0.6521739130434783,0.79,0.21,0.01
Raia_RS33,40,0.85,0.7777777777777778,0.9090909090909091,0.0,1.0,0.06
Raia_RS34,38,0.9736842105263158,0.9444444444444444,1.0,0.0,1.0,0.21
Raia_RS35,29,0.5862068965517241,0.3888888888888889,0.9090909090909091,0.0,0.95,0.1
Raia_RS36,28,1.0,1.0,1.0,0.0,1.0,0.01
Raia_RS37,37,0.918918918918919,0.8333333333333334,1.0,0.0,1.0,0.78
Raia_RS38,36,0.8333333333333334,0.6666666666666666,1.0,0.0,1.0,0.02
Raia_RS39,29,0.7931034482758621,0.6666666666666666,1.0,0.0,1.0,0.04
Raia_RS40,32,0.875,0.7777777777777778,1.0,0.0,0.98,0.48
Raia_RS41,30,0.7333333333333333,0.5555555555555556,1.0,0.0,0.98,0.03
Raia_RS42,23,0.5652173913043478,0.4444444444444444,1.0,0.0,1.0,0.03
Raia_RS43,31,0.7741935483870968,0.6111111111111112,1.0,0.0,1.0,0.19
Raia_RS44,56,0.9821428571428571,0.9444444444444444,1.0,0.0,1.0,0.01
Raia_RS45,45,0.9777777777777777,0.9444444444444444,1.0,0.0,1.0,0.13
Raia_RS46,35,,,,0.91,0.09,0.01
Raia_RS47,41,0.975609756097561,0.9444444444444444,1.0,0.0,1.0,0.44
Raia_RS48,48,0.6875,0.6111111111111112,0.7333333333333333,0.0,0.99,0.1
Raia_RS49,28,0.8214285714285714,0.7222222222222222,1.0,0.0,1.0,0.16
Raia_RS50,36,0.5833333333333334,0.3888888888888889,0.7777777777777778,0.04,0.96,0.02
Schwen_RS01,42,0.5952380952380952,0.38461538461538464,0.6896551724137931,0.04,0.95,0.01
Schwen_RS02,70,0.9142857142857143,0.9230769230769231,0.9122807017543859,0.01,0.99,0.25
Schwen_RS03,25,0.88,0.7692307692307693,1.0,0.03,0.97,0.36
Schwen_RS04,39,0.7692307692307693,0.6153846153846154,0.8461538461538461,0.0,1.0,0.01
Schwen_RS05,44,0.7272727272727273,0.6153846153846154,0.7741935483870968,0.04,0.94,0.03
Schwen_RS06,67,0.9552238805970149,1.0,0.9444444444444444,0.01,0.99,0.2
Schwen_RS07,31,0.6129032258064516,0.15384615384615385,0.9444444444444444,0.09,0.84,0.03
Schwen_RS08,38,0.7631578947368421,0.38461538461538464,0.96,0.02,0.94,0.03
Schwen_RS09,43,1.0,1.0,1.0,0.0,1.0,0.21
Schwen_RS10,44,0.5909090909090909,0.23076923076923078,0.7419354838709677,0.0,1.0,0.3
Schwen_RS11,24,0.7916666666666666,0.6153846153846154,1.0,0.0,0.99,0.21
Schwen_RS12,44,0.8181818181818182,0.7692307692307693,0.8387096774193549,0.01,0.98,0.01
Schwen_RS13,32,0.96875,0.9230769230769231,1.0,0.0,1.0,0.7
Schwen_RS14,70,0.9142857142857143,0.8461538461538461,0.9298245614035088,0.02,0.97,0.29
Schwen_RS15,27,0.7777777777777778,0.6153846153846154,0.9285714285714286,0.01,0.99,0.01
Schwen_RS16,39,0.9743589743589743,1.0,0.9615384615384616,0.0,1.0,0.04
Schwen_RS17,44,0.9545454545454546,1.0,0.9354838709677419,0.01,0.98,0.23
Schwen_RS18,34,1.0,1.0,1.0,0.02,0.98,0.33
Schwen_RS19,23,0.9565217391304348,0.9230769230769231,1.0,0.01,0.98,0.01
Schwen_RS20,57,0.8245614035087719,0.7692307692307693,0.8409090909090909,0.0,1.0,0.57
Schwen_RS21,25,0.96,0.9230769230769231,1.0,0.05,0.93,0.27
Schwen_RS22,45,0.9111111111111111,0.6923076923076923,1.0,0.03,0.97,0.13
Schwen_RS23,31,0.9032258064516129,0.7692307692307693,1.0,0.0,1.0,0.22
Schwen_RS24,67,0.9552238805970149,1.0,0.9444444444444444,0.0,1.0,0.3
Schwen_RS25,20,0.95,0.9230769230769231,1.0,0.03,0.96,0.12
Schwen_RS26,27,0.7037037037037037,0.5384615384615384,0.8571428571428571,0.04,0.95,0.01
Schwen_RS27,69,0.927536231884058,0.8461538461538461,0.9464285714285714,0.0,0.99,0.14
Schwen_RS28,74,0.9054054054054054,0.7692307692307693,0.9344262295081968,0.05,0.95,0.16
Schwen_RS29,20,1.0,1.0,1.0,0.02,0.95,0.01
Schwen_RS30,62,0.9516129032258065,0.8461538461538461,0.9795918367346939,0.0,1.0,0.35
Schwen_RS31,47,0.8723404255319149,0.6923076923076923,0.9411764705882353,0.01,0.99,0.08
Schwen_RS32,42,0.7857142857142857,0.46153846153846156,0.9310344827586207,0.02,0.97,0.01
Schwen_RS33,27,0.6296296296296297,0.23076923076923078,1.0,0.02,0.95,0.01
Schwen_RS34,23,0.9130434782608695,0.8461538461538461,1.0,0.0,0.99,0.46
Schwen_RS35,51,0.8431372549019608,0.7692307692307693,0.868421052631579,0.0,1.0,0.34
Schwen_RS36,44,1.0,1.0,1.0,0.0,1.0,0.49
Schwen_RS37,40,0.975,1.0,0.9629629629629629,0.0,0.99,0.41
Schwen_RS38,38,0.8421052631578947,0.6923076923076923,0.92,0.0,1.0,0.01
Schwen_RS39,28,0.8928571428571429,0.7692307692307693,1.0,0.0,1.0,0.58
Schwen_RS40,52,0.75,0.6153846153846154,0.7948717948717948,0.04,0.95,0.01
Schwen_RS41,49,0.7346938775510204,0.46153846153846156,0.8333333333333334,0.01,0.97,0.02
Schwen_RS42,38,0.7894736842105263,0.5384615384615384,0.92,0.01,0.96,0.16
Schwen_RS43,82,0.8536585365853658,0.7692307692307693,0.8695652173913043,0.04,0.96,0.06
Schwen_RS44,46,0.8478260869565217,0.6153846153846154,0.9393939393939394,0.0,1.0,0.02
Schwen_RS45,79,0.8354430379746836,0.6923076923076923,0.8636363636363636,0.01,0.98,0.27
Schwen_RS46,31,0.6451612903225806,0.3076923076923077,0.8888888888888888,0.01,0.88,0.01
Schwen_RS47,37,0.918918918918919,0.7692307692307693,1.0,0.05,0.95,0.08
Schwen_RS48,24,0.9583333333333334,0.9230769230769231,1.0,0.0,1.0,0.52
Schwen_RS49,45,0.8444444444444444,0.6153846153846154,0.9375,0.02,0.98,0.05
Schwen_RS50,33,0.7878787878787878,0.6153846153846154,0.9,0.0,1.0,0.08
Sneyd_RS01,94,0.9361702127659575,0.5714285714285714,1.0,0.0,0.98,0.34
Sneyd_RS02,46,0.782608695652174,0.2857142857142857,1.0,0.0,1.0,0.01
Sneyd_RS03,30,0.7333333333333333,0.42857142857142855,1.0,0.0,1.0,0.61
Sneyd_RS04,110,0.9818181818181818,0.8571428571428571,1.0,0.0,1.0,0.01
Sneyd_RS05,30,0.9333333333333333,0.8571428571428571,1.0,0.0,0.98,0.03
Sneyd_RS06,78,0.9743589743589743,0.8571428571428571,1.0,0.01,0.99,0.1
Sneyd_RS07,94,0.9680851063829787,0.7857142857142857,1.0,0.0,1.0,0.09
Sneyd_RS08,70,0.9714285714285714,0.8571428571428571,1.0,0.04,0.96,0.01
Sneyd_RS09,30,0.8666666666666667,0.7142857142857143,1.0,0.0,1.0,0.09
Sneyd_RS10,62,,,,0.1,0.9,0.01
Sneyd_RS11,30,0.9,0.7857142857142857,1.0,0.0,1.0,0.01
Sneyd_RS12,22,0.7272727272727273,0.5714285714285714,1.0,0.0,0.98,0.04
Sneyd_RS13,46,0.8913043478260869,0.6428571428571429,1.0,0.0,1.0,0.66
Sneyd_RS14,38,0.8421052631578947,0.5714285714285714,1.0,0.0,1.0,0.49
Sneyd_RS15,54,0.9629629629629629,0.8571428571428571,1.0,0.0,0.99,0.01
Sneyd_RS16,38,0.868421052631579,0.6428571428571429,1.0,0.0,1.0,0.7
Sneyd_RS17,30,0.8333333333333334,0.6428571428571429,1.0,0.0,0.97,0.33
Sneyd_RS18,38,0.9210526315789473,0.7857142857142857,1.0,0.0,1.0,0.02
Sneyd_RS19,102,0.9607843137254902,0.7857142857142857,0.9886363636363636,0.03,0.97,0.01
Sneyd_RS20,70,0.9285714285714286,0.6428571428571429,1.0,0.0,1.0,0.11
Sneyd_RS21,30,0.9,0.7857142857142857,1.0,0.0,1.0,0.05
Sneyd_RS22,30,0.8,0.5714285714285714,1.0,0.0,0.99,0.05
Sneyd_RS23,22,0.5909090909090909,0.35714285714285715,1.0,0.0,0.97,0.02
Sneyd_RS24,78,0.9358974358974359,0.7142857142857143,0.984375,0.0,1.0,0.02
Sneyd_RS25,78,0.9358974358974359,0.7857142857142857,0.96875,0.0,1.0,0.01
Sneyd_RS26,38,0.8157894736842105,0.5,1.0,0.0,0.94,0.11
Sneyd_RS27,30,0.8333333333333334,0.6428571428571429,1.0,0.0,0.99,0.05
Sneyd_RS28,38,0.8947368421052632,0.7142857142857143,1.0,0.0,1.0,0.15
Sneyd_RS29,102,0.9411764705882353,0.6428571428571429,0.9886363636363636,0.01,0.99,0.01
Sneyd_RS30,38,0.7105263157894737,0.2857142857142857,0.9583333333333334,0.0,0.99,0.07
Sneyd_RS31,38,0.868421052631579,0.6428571428571429,1.0,0.0,0.95,0.28
Sneyd_RS32,62,0.9032258064516129,0.7142857142857143,0.9583333333333334,0.0,1.0,0.01
Sneyd_RS33,70,0.9,0.5,1.0,0.02,0.98,0.01
Sneyd_RS34,62,0.8225806451612904,0.35714285714285715,0.9583333333333334,0.02,0.98,0.01
Sneyd_RS35,30,0.8666666666666667,0.7142857142857143,1.0,0.0,1.0,0.26
Sneyd_RS36,54,0.9259259259259259,0.7142857142857143,1.0,0.0,0.98,0.01
Sneyd_RS37,46,0.9130434782608695,0.7142857142857143,1.0,0.0,1.0,0.02
Sneyd_RS38,70,0.9,0.5714285714285714,0.9821428571428571,0.0,1.0,0.12
Sneyd_RS39,46,1.0,1.0,1.0,0.11,0.88,0.01
Sneyd_RS40,38,0.9210526315789473,0.7857142857142857,1.0,0.0,0.98,0.01
Sneyd_RS41,30,0.7333333333333333,0.42857142857142855,1.0,0.0,1.0,0.2
Sneyd_RS42,70,0.9285714285714286,0.6428571428571429,1.0,0.01,0.98,0.1
Sneyd_RS43,54,0.9259259259259259,0.7142857142857143,1.0,0.0,0.98,0.13
Sneyd_RS44,38,0.7105263157894737,0.2857142857142857,0.9583333333333334,0.0,1.0,0.01
Sneyd_RS45,54,0.9074074074074074,0.6428571428571429,1.0,0.0,1.0,0.16
Sneyd_RS46,38,0.8947368421052632,0.7142857142857143,1.0,0.0,1.0,0.01
Sneyd_RS47,62,0.9032258064516129,0.5714285714285714,1.0,0.0,1.0,0.2
Sneyd_RS48,62,0.8548387096774194,0.42857142857142855,0.9791666666666666,0.09,0.91,0.01
Sneyd_RS49,38,0.868421052631579,0.6428571428571429,1.0,0.0,1.0,0.47
Sneyd_RS50,78,0.9358974358974359,0.6428571428571429,1.0,0.0,1.0,0.42
Sobotta_RS01,146,0.9657534246575342,0.782608695652174,1.0,0.04,0.96,0.01
Sobotta_RS02,141,0.7659574468085106,0.5652173913043478,0.8050847457627118,0.78,0.22,0.01
Sobotta_RS03,180,0.9333333333333333,0.8260869565217391,0.9490445859872612,0.25,0.71,0.01
Sobotta_RS04,420,,,,0.68,0.31,0.01
Sobotta_RS05,132,0.9924242424242424,0.9565217391304348,1.0,0.04,0.96,0.01
Sobotta_RS06,239,0.7573221757322176,0.6086956521739131,0.7731481481481481,0.88,0.12,0.01
Sobotta_RS07,131,0.9847328244274809,0.9130434782608695,1.0,0.06,0.94,0.01
Sobotta_RS08,157,0.9936305732484076,0.9565217391304348,1.0,0.03,0.97,0.01
Sobotta_RS09,158,0.9936708860759493,1.0,0.9925925925925926,0.46,0.48,0.01
Sobotta_RS10,425,0.9482352941176471,0.9130434782608695,0.9502487562189055,0.52,0.39,0.01
Sobotta_RS11,409,0.8728606356968215,0.9130434782608695,0.8704663212435233,0.09,0.89,0.01
Sobotta_RS12,105,0.9523809523809523,0.782608695652174,1.0,0.05,0.95,0.01
Sobotta_RS13,188,0.9787234042553191,0.8695652173913043,0.9939393939393939,0.08,0.92,0.01
Sobotta_RS14,185,0.972972972972973,0.8260869565217391,0.9938271604938271,0.71,0.29,0.01
Sobotta_RS15,371,0.9919137466307277,0.8695652173913043,1.0,0.07,0.93,0.01
Sobotta_RS16,133,0.9323308270676691,0.6521739130434783,0.990909090909091,0.05,0.95,0.01
Sobotta_RS17,80,0.975,0.9130434782608695,1.0,0.05,0.94,0.01
Sobotta_RS18,675,0.9837037037037037,1.0,0.9831288343558282,0.7,0.3,0.01
Sobotta_RS19,339,0.9557522123893806,1.0,0.9525316455696202,0.63,0.33,0.01
Sobotta_RS20,189,0.9894179894179894,0.9565217391304348,0.9939759036144579,0.1,0.9,0.01
Sobotta_RS21,172,0.9883720930232558,0.9130434782608695,1.0,0.05,0.94,0.01
Sobotta_RS22,362,0.8784530386740331,0.8260869565217391,0.8820058997050148,0.04,0.96,0.01
Sobotta_RS23,144,0.8611111111111112,0.6956521739130435,0.8925619834710744,0.79,0.21,0.01
Sobotta_RS24,309,0.9385113268608414,0.8695652173913043,0.9440559440559441,0.76,0.24,0.01
Sobotta_RS25,326,0.99079754601227,0.9130434782608695,0.9966996699669967,0.04,0.96,0.02
Sobotta_RS26,145,,,,0.08,0.79,0.01
Sobotta_RS27,94,0.9893617021276596,0.9565217391304348,1.0,0.06,0.94,0.01
Sobotta_RS28,203,1.0,1.0,1.0,0.09,0.91,0.01
Sobotta_RS29,136,0.9852941176470589,0.9130434782608695,1.0,0.09,0.91,0.02
Sobotta_RS30,205,0.9024390243902439,0.8260869565217391,0.9120879120879121,0.57,0.43,0.01
Sobotta_RS31,127,0.968503937007874,0.8260869565217391,1.0,0.03,0.97,0.01
Sobotta_RS32,148,0.7972972972972973,0.7391304347826086,0.808,0.85,0.15,0.01
Sobotta_RS33,151,0.9933774834437086,0.9565217391304348,1.0,0.05,0.95,0.01
Sobotta_RS34,210,0.9952380952380953,0.9565217391304348,1.0,0.05,0.95,0.01
Sobotta_RS35,174,0.9885057471264368,0.9130434782608695,1.0,0.07,0.93,0.01
Sobotta_RS36,89,0.9775280898876404,0.9130434782608695,1.0,0.04,0.96,0.01
Sobotta_RS37,185,0.7891891891891892,0.5217391304347826,0.8271604938271605,0.11,0.89,0.01
Sobotta_RS38,81,0.9506172839506173,0.8260869565217391,1.0,0.06,0.94,0.01
Sobotta_RS39,155,0.9741935483870968,0.8260869565217391,1.0,0.1,0.9,0.01
Sobotta_RS40,82,0.975609756097561,0.9130434782608695,1.0,0.06,0.94,0.01
Sobotta_RS41,119,0.9747899159663865,0.8695652173913043,1.0,0.06,0.94,0.01
Sobotta_RS42,266,0.7593984962406015,0.6086956521739131,0.7736625514403292,0.03,0.97,0.01
Sobotta_RS43,131,0.9541984732824428,0.782608695652174,0.9907407407407407,0.1,0.9,0.01
Sobotta_RS44,137,0.9927007299270073,0.9565217391304348,1.0,0.03,0.97,0.01
Sobotta_RS45,295,0.9423728813559322,0.8695652173913043,0.9485294117647058,0.76,0.23,0.01
Sobotta_RS46,291,0.9072164948453608,0.9565217391304348,0.9029850746268657,0.87,0.13,0.01
Sobotta_RS47,506,,,,0.89,0.11,0.01
Sobotta_RS48,159,0.949685534591195,0.6521739130434783,1.0,0.08,0.92,0.01
Sobotta_RS49,79,0.9873417721518988,0.9565217391304348,1.0,0.08,0.92,0.01
Sobotta_RS50,85,0.9647058823529412,0.8695652173913043,1.0,0.05,0.95,0.01
Swameye_RS01,17,1.0,1.0,1.0,0.14,0.84,0.53
Swameye_RS02,13,1.0,1.0,1.0,0.15,0.85,0.14
Swameye_RS03,15,1.0,1.0,1.0,0.21,0.79,0.17
Swameye_RS04,17,1.0,1.0,1.0,0.19,0.81,0.54
Swameye_RS05,17,1.0,1.0,1.0,0.41,0.59,0.23
Swameye_RS06,20,1.0,1.0,1.0,0.14,0.86,0.27
Swameye_RS07,12,1.0,1.0,1.0,0.3,0.67,0.09
Swameye_RS08,16,1.0,1.0,1.0,0.3,0.7,0.63
Swameye_RS09,11,1.0,1.0,1.0,0.17,0.64,0.32
Swameye_RS10,11,1.0,1.0,1.0,0.22,0.76,0.04
Swameye_RS11,14,1.0,1.0,1.0,0.29,0.69,0.14
Swameye_RS12,15,1.0,1.0,1.0,0.23,0.77,0.34
Swameye_RS13,16,1.0,1.0,1.0,0.29,0.71,0.09
Swameye_RS14,13,1.0,1.0,1.0,0.27,0.62,0.04
Swameye_RS15,12,1.0,1.0,1.0,0.4,0.55,0.22
Swameye_RS16,17,1.0,1.0,1.0,0.23,0.77,0.65
Swameye_RS17,27,1.0,1.0,1.0,0.11,0.89,0.84
Swameye_RS18,14,0.9285714285714286,0.9,1.0,0.15,0.85,0.33
Swameye_RS19,13,0.9230769230769231,1.0,0.6666666666666666,0.56,0.24,0.1
Swameye_RS20,18,1.0,1.0,1.0,0.27,0.71,0.48
Swameye_RS21,13,1.0,1.0,1.0,0.38,0.62,0.01
Swameye_RS22,27,1.0,1.0,1.0,0.12,0.88,0.52
Swameye_RS23,19,1.0,1.0,1.0,0.35,0.65,0.23
Swameye_RS24,12,1.0,1.0,1.0,0.3,0.66,0.2
Swameye_RS25,13,1.0,1.0,1.0,0.3,0.62,0.08
Swameye_RS26,13,1.0,1.0,1.0,0.36,0.56,0.04
Swameye_RS27,13,1.0,1.0,1.0,0.25,0.75,0.3
Swameye_RS28,17,1.0,1.0,1.0,0.24,0.76,0.21
Swameye_RS29,13,1.0,1.0,1.0,0.16,0.84,0.15
Swameye_RS30,20,1.0,1.0,1.0,0.18,0.82,0.34
Swameye_RS31,14,1.0,1.0,1.0,0.21,0.71,0.15
Swameye_RS32,11,0.9090909090909091,0.9,1.0,0.26,0.4,0.31
Swameye_RS33,17,1.0,1.0,1.0,0.24,0.76,0.76
Swameye_RS34,12,1.0,1.0,1.0,0.23,0.76,0.58
Swameye_RS35,26,1.0,1.0,1.0,0.14,0.74,0.64
Swameye_RS36,12,0.9166666666666666,0.9,1.0,0.31,0.24,0.02
Swameye_RS37,11,0.9090909090909091,0.9,1.0,0.15,0.7,0.27
Swameye_RS38,13,1.0,1.0,1.0,0.19,0.67,0.07
Swameye_RS39,13,1.0,1.0,1.0,0.2,0.77,0.12
Swameye_RS40,12,1.0,1.0,1.0,0.2,0.77,0.37
Swameye_RS41,16,1.0,1.0,1.0,0.33,0.65,0.12
Swameye_RS42,18,1.0,1.0,1.0,0.34,0.66,0.32
Swameye_RS43,20,1.0,1.0,1.0,0.25,0.72,0.1
Swameye_RS44,14,1.0,1.0,1.0,0.28,0.7,0.19
Swameye_RS45,13,1.0,1.0,1.0,0.43,0.53,0.39
Swameye_RS46,20,1.0,1.0,1.0,0.24,0.76,0.76
Swameye_RS47,11,0.9090909090909091,0.9,1.0,0.12,0.28,0.01
Swameye_RS48,16,1.0,1.0,1.0,0.32,0.67,0.04
Swameye_RS49,11,1.0,1.0,1.0,0.23,0.76,0.12
Swameye_RS50,22,1.0,1.0,1.0,0.17,0.83,0.81
Weber_RS01,32,1.0,1.0,1.0,0.29,0.68,0.01
Weber_RS02,34,0.6470588235294118,0.5384615384615384,1.0,0.48,0.48,0.01
Weber_RS03,31,0.5483870967741935,0.46153846153846156,1.0,0.5,0.5,0.01
Weber_RS04,43,0.5348837209302325,0.4230769230769231,0.7058823529411765,0.28,0.57,0.08
Weber_RS05,43,,,,0.36,0.62,0.03
Weber_RS06,41,,,,0.48,0.47,0.01
Weber_RS07,39,0.5897435897435898,0.5384615384615384,0.6923076923076923,0.29,0.68,0.11
Weber_RS08,42,0.5952380952380952,0.4230769230769231,0.875,0.67,0.27,0.01
Weber_RS09,32,0.25,0.11538461538461539,0.8333333333333334,0.24,0.73,0.01
Weber_RS10,29,0.2413793103448276,0.15384615384615385,1.0,0.41,0.51,0.01
Weber_RS11,35,0.5714285714285714,0.5384615384615384,0.6666666666666666,0.24,0.73,0.01
Weber_RS12,29,0.6206896551724138,0.5769230769230769,1.0,0.26,0.66,0.01
Weber_RS13,41,0.6829268292682927,0.6153846153846154,0.8,0.34,0.54,0.03
Weber_RS14,41,,,,0.47,0.49,0.01
Weber_RS15,41,,,,0.27,0.64,0.01
Weber_RS16,31,,,,0.16,0.84,0.01
Weber_RS17,31,0.6129032258064516,0.5384615384615384,1.0,0.3,0.68,0.04
Weber_RS18,32,0.71875,0.6923076923076923,0.8333333333333334,0.34,0.58,0.01
Weber_RS19,34,,,,0.45,0.44,0.01
Weber_RS20,34,,,,0.52,0.45,0.01
Weber_RS21,31,0.5806451612903226,0.5,1.0,0.47,0.51,0.01
Weber_RS22,33,0.5454545454545454,0.46153846153846156,0.8571428571428571,0.27,0.73,0.01
Weber_RS23,30,0.43333333333333335,0.34615384615384615,1.0,0.27,0.72,0.01
Weber_RS24,30,0.5666666666666667,0.5,1.0,0.53,0.44,0.01
Weber_RS25,35,0.8571428571428571,0.8076923076923077,1.0,0.37,0.59,0.01
Weber_RS26,29,0.41379310344827586,0.34615384615384615,1.0,0.49,0.46,0.01
Weber_RS27,37,,,,0.62,0.33,0.01
Weber_RS28,38,1.0,1.0,1.0,0.25,0.73,0.01
Weber_RS29,42,,,,0.54,0.43,0.01
Weber_RS30,35,0.7142857142857143,0.6153846153846154,1.0,0.45,0.53,0.26
Weber_RS31,31,,,,0.42,0.5,0.02
Weber_RS32,48,0.6041666666666666,0.5,0.7272727272727273,0.56,0.34,0.01
Weber_RS33,44,0.6136363636363636,0.5,0.7777777777777778,0.48,0.48,0.12
Weber_RS34,34,,,,0.46,0.47,0.01
Weber_RS35,34,,,,0.29,0.65,0.01
Weber_RS36,40,0.275,0.2692307692307692,0.2857142857142857,0.69,0.21,0.02
Weber_RS37,37,0.40540540540540543,0.19230769230769232,0.9090909090909091,0.81,0.19,0.01
Weber_RS38,35,0.8,0.7307692307692307,1.0,0.41,0.5,0.01
Weber_RS39,32,0.28125,0.19230769230769232,0.6666666666666666,0.34,0.66,0.01
Weber_RS40,35,0.6,0.5,0.8888888888888888,0.5,0.45,0.02
Weber_RS41,32,0.75,0.7307692307692307,0.8333333333333334,0.42,0.54,0.01
Weber_RS42,38,,,,0.52,0.34,0.01
Weber_RS43,42,0.6190476190476191,0.38461538461538464,1.0,0.72,0.25,0.01
Weber_RS44,35,,,,0.5,0.45,0.01
Weber_RS45,35,,,,0.37,0.63,0.01
Weber_RS46,41,0.5121951219512195,0.5,0.5333333333333333,0.34,0.55,0.01
Weber_RS47,31,0.5483870967741935,0.46153846153846156,1.0,0.53,0.46,0.01
Weber_RS48,35,0.6571428571428571,0.5384615384615384,1.0,0.55,0.45,0.05
Weber_RS49,33,0.696969696969697,0.6153846153846154,1.0,0.43,0.5,0.01
Weber_RS50,33,0.6363636363636364,0.5384615384615384,1.0,0.17,0.8,0.01
Zheng_RS01,56,0.2857142857142857,0.2,0.6363636363636364,0.0,0.89,0.01
Zheng_RS02,60,0.5833333333333334,0.4444444444444444,1.0,0.0,0.95,0.01
Zheng_RS03,51,0.45098039215686275,0.37777777777777777,1.0,0.0,0.81,0.01
Zheng_RS04,73,0.5342465753424658,0.26666666666666666,0.9642857142857143,0.0,0.86,0.01
Zheng_RS05,54,0.42592592592592593,0.3111111111111111,1.0,0.0,0.94,0.01
Zheng_RS06,57,0.6140350877192983,0.5111111111111111,1.0,0.0,0.91,0.02
Zheng_RS07,51,0.3137254901960784,0.2222222222222222,1.0,0.0,0.9,0.01
Zheng_RS08,53,0.33962264150943394,0.2222222222222222,1.0,0.0,0.79,0.01
Zheng_RS09,60,0.38333333333333336,0.2,0.9333333333333333,0.0,0.92,0.01
Zheng_RS10,73,0.5205479452054794,0.3111111111111111,0.8571428571428571,0.0,0.94,0.01
Zheng_RS11,60,0.5833333333333334,0.4444444444444444,1.0,0.0,0.92,0.01
Zheng_RS12,56,0.2857142857142857,0.15555555555555556,0.8181818181818182,0.0,0.96,0.01
Zheng_RS13,47,0.2553191489361702,0.2222222222222222,1.0,0.0,0.97,0.01
Zheng_RS14,50,0.34,0.26666666666666666,1.0,0.0,0.85,0.01
Zheng_RS15,58,0.3620689655172414,0.24444444444444444,0.7692307692307693,0.0,0.85,0.01
Zheng_RS16,50,0.4,0.3333333333333333,1.0,0.0,0.77,0.01
Zheng_RS17,71,0.4225352112676056,0.24444444444444444,0.7307692307692307,0.0,0.9,0.01
Zheng_RS18,50,0.34,0.26666666666666666,1.0,0.0,0.95,0.01
Zheng_RS19,61,0.32786885245901637,0.2,0.6875,0.0,0.87,0.01
Zheng_RS20,57,0.5087719298245614,0.37777777777777777,1.0,0.0,0.89,0.03
Zheng_RS21,48,0.1875,0.13333333333333333,1.0,0.0,0.91,0.01
Zheng_RS22,51,0.1568627450980392,0.1111111111111111,0.5,0.0,0.74,0.01
Zheng_RS23,53,0.2641509433962264,0.17777777777777778,0.75,0.0,0.8,0.01
Zheng_RS24,64,0.40625,0.26666666666666666,0.7368421052631579,0.0,0.89,0.01
Zheng_RS25,55,0.509090909090909,0.4,1.0,0.0,0.84,0.01
Zheng_RS26,50,0.36,0.28888888888888886,1.0,0.0,0.82,0.01
Zheng_RS27,53,0.2830188679245283,0.15555555555555556,1.0,0.0,0.78,0.01
Zheng_RS28,53,0.3584905660377358,0.24444444444444444,1.0,0.0,0.75,0.01
Zheng_RS29,57,0.2631578947368421,0.1111111111111111,0.8333333333333334,0.0,0.84,0.01
Zheng_RS30,50,0.32,0.24444444444444444,1.0,0.0,0.95,0.01
Zheng_RS31,70,0.5142857142857142,0.28888888888888886,0.92,0.0,0.91,0.01
Zheng_RS32,55,0.45454545454545453,0.35555555555555557,0.9,0.0,0.92,0.01
Zheng_RS33,57,0.2807017543859649,0.2,0.5833333333333334,0.0,0.84,0.01
Zheng_RS34,59,0.4745762711864407,0.3111111111111111,1.0,0.0,0.91,0.04
Zheng_RS35,51,0.3137254901960784,0.2222222222222222,1.0,0.0,0.93,0.01
Zheng_RS36,50,0.22,0.13333333333333333,1.0,0.0,0.97,0.01
Zheng_RS37,47,0.19148936170212766,0.15555555555555556,1.0,0.0,0.94,0.01
Zheng_RS38,60,0.45,0.3111111111111111,0.8666666666666667,0.0,0.93,0.01
Zheng_RS39,67,0.5373134328358209,0.4,0.8181818181818182,0.0,0.88,0.01
Zheng_RS40,48,0.16666666666666666,0.1111111111111111,1.0,0.0,0.89,0.01
Zheng_RS41,59,0.3559322033898305,0.2,0.8571428571428571,0.0,0.89,0.01
Zheng_RS42,59,0.576271186440678,0.4444444444444444,1.0,0.0,0.91,0.07
Zheng_RS43,73,0.4657534246575342,0.3333333333333333,0.6785714285714286,0.0,0.99,0.01
Zheng_RS44,50,0.28,0.2,1.0,0.0,0.8,0.01
Zheng_RS45,51,0.1568627450980392,0.13333333333333333,0.3333333333333333,0.0,0.91,0.01
Zheng_RS46,53,0.39622641509433965,0.28888888888888886,1.0,0.0,0.94,0.01
Zheng_RS47,67,0.5223880597014925,0.3111111111111111,0.9545454545454546,0.0,0.89,0.01
Zheng_RS48,49,0.2653061224489796,0.2222222222222222,0.75,0.0,0.9,0.01
Zheng_RS49,59,0.4915254237288136,0.3333333333333333,1.0,0.0,0.85,0.01
Zheng_RS50,51,0.3333333333333333,0.24444444444444444,1.0,0.0,0.87,0.01
